transaction_id,date_id,category_id,account_id,amount
1,808,3,2,130.28
2,1138,1,2,29.41
3,1035,1,2,42.22
4,966,3,1,146.09
5,866,1,2,8.06
6,831,3,1,295.11
7,392,1,1,45.97
8,340,1,1,10.74
9,932,1,2,51.89
10,1178,3,1,42.03
11,581,3,1,122.30
12,967,1,1,16.24
13,1387,1,1,22.33
14,1338,1,1,12.42
15,1350,4,1,1662.67
16,328,1,3,11.53
17,408,3,3,249.09
18,1278,2,2,553.42
19,385,3,1,57.38
20,66,1,1,14.59
21,1144,1,3,40.04
22,963,1,1,50.04
23,28,1,1,33.49
24,1144,1,3,44.39
25,1074,1,1,5.21
26,341,1,1,41.29
27,773,2,3,294.51
28,282,1,2,53.91
29,785,1,3,38.32
30,1201,1,3,22.18
31,23,1,1,46.62
32,891,1,2,6.66
33,1411,1,3,48.60
34,51,1,3,39.24
35,516,4,1,1086.89
36,440,1,1,22.13
37,943,5,1,305.94
38,232,1,1,46.36
39,172,1,2,14.29
40,618,1,3,14.97
41,519,3,2,1124.37
42,813,1,3,41.63
43,42,1,2,6.94
44,149,1,3,6.57
45,369,3,1,176.11
46,1350,2,2,209.68
47,1176,1,3,34.37
48,654,4,1,762.09
49,1437,3,1,214.27
50,539,3,3,896.75
51,1336,2,3,272.46
52,505,1,3,13.92
53,299,3,2,44.56
54,1118,1,2,49.95
55,358,1,3,40.94
56,500,3,2,89.12
57,91,1,3,7.91
58,1079,6,1,117.10
59,723,3,3,280.80
60,599,2,3,397.89
61,1344,3,1,136.18
62,1010,1,1,29.48
63,1016,2,1,103.17
64,594,1,2,11.17
65,708,3,2,187.21
66,859,6,3,194.32
67,1051,2,2,627.41
68,636,2,1,397.26
69,284,2,2,290.08
70,528,2,2,183.53
71,1270,1,1,19.72
72,559,1,3,32.64
73,687,3,2,172.04
74,208,2,1,542.76
75,1285,3,1,299.83
76,9,1,1,44.03
77,288,2,1,529.12
78,615,1,3,17.45
79,1137,3,1,26.84
80,1197,1,2,36.22
81,26,3,1,1064.39
82,916,3,3,81.36
83,129,1,2,39.70
84,3,3,2,31.96
85,636,1,3,15.66
86,73,1,3,28.83
87,1202,1,2,24.15
88,138,2,3,269.25
89,1352,2,3,630.38
90,774,3,2,479.03
91,804,3,2,1191.71
92,893,3,3,142.39
93,478,1,1,31.57
94,284,1,2,24.75
95,788,3,1,262.16
96,1342,1,2,28.92
97,357,2,3,153.35
98,419,2,2,577.92
99,914,3,3,206.44
100,885,1,3,43.70
101,188,4,1,632.70
102,1337,2,2,395.96
103,549,2,1,461.59
104,667,1,2,23.77
105,1240,1,3,24.63
106,845,3,2,246.24
107,600,3,3,276.15
108,1129,5,1,230.33
109,1023,3,2,44.01
110,1179,3,1,264.72
111,505,1,2,49.45
112,68,1,3,31.68
113,616,1,1,45.35
114,556,4,3,1213.31
115,603,1,1,12.99
116,599,1,2,50.67
117,77,4,1,1501.62
118,429,1,1,41.47
119,459,3,1,655.56
120,297,1,3,25.43
121,815,2,3,184.55
122,1055,1,3,9.41
123,703,3,3,156.45
124,534,3,1,242.45
125,1038,1,2,9.30
126,1066,4,3,380.10
127,765,1,2,17.28
128,739,2,1,633.91
129,580,1,1,47.49
130,292,1,1,29.63
131,1095,4,3,654.37
132,315,1,1,36.32
133,1092,1,3,40.21
134,4,1,2,44.43
135,1056,1,1,37.46
136,1426,1,1,46.99
137,1453,1,3,7.02
138,456,2,1,566.66
139,577,4,2,742.97
140,419,1,3,41.26
141,1190,5,3,356.01
142,907,3,2,252.15
143,188,1,2,12.11
144,814,1,2,23.31
145,5,1,2,36.76
146,692,1,2,34.85
147,727,3,2,153.82
148,453,1,1,12.35
149,8,6,2,159.18
150,511,2,3,372.17
151,402,1,1,11.17
152,623,1,1,21.49
153,1092,1,3,13.12
154,688,3,2,41.10
155,1047,3,3,225.87
156,514,5,2,219.62
157,972,1,3,34.49
158,837,3,3,258.82
159,808,1,2,19.02
160,567,2,3,229.59
161,1324,1,3,51.72
162,269,1,1,44.77
163,470,1,2,26.90
164,1233,4,1,2162.90
165,495,1,2,23.66
166,1214,1,2,15.60
167,135,1,1,26.86
168,24,1,2,18.61
169,693,4,3,1147.64
170,1201,1,2,14.78
171,169,3,3,100.48
172,191,1,2,38.31
173,1063,4,1,1110.68
174,1209,1,3,40.99
175,519,2,1,465.82
176,1070,1,1,36.69
177,1262,1,3,51.18
178,1002,2,3,183.59
179,704,1,2,52.61
180,1355,1,1,27.27
181,302,2,2,568.66
182,1184,1,3,39.06
183,1174,1,2,53.71
184,269,2,1,89.10
185,156,3,2,32.51
186,190,3,3,219.91
187,653,2,2,440.18
188,950,2,3,641.05
189,343,1,3,33.40
190,1452,1,1,31.93
191,137,3,1,197.60
192,1293,2,3,548.46
193,244,1,2,41.01
194,1062,1,3,14.35
195,1057,1,1,26.77
196,844,1,2,31.15
197,1042,1,2,32.45
198,670,3,3,117.13
199,1326,3,1,206.70
200,1344,1,3,28.95
201,1314,1,2,6.37
202,782,1,2,37.42
203,1065,1,2,43.00
204,1428,3,3,222.24
205,396,1,3,42.97
206,1437,1,2,38.04
207,416,1,3,3.11
208,458,4,1,510.52
209,1220,1,3,47.98
210,1207,2,1,434.77
211,113,3,1,731.37
212,1150,3,1,227.85
213,70,1,3,11.23
214,714,1,2,26.42
215,266,1,1,28.85
216,83,1,2,11.98
217,1122,6,1,85.94
218,1153,2,2,323.67
219,1285,1,1,5.12
220,1296,4,2,1336.39
221,1162,1,2,28.15
222,1125,1,3,41.53
223,142,1,2,23.74
224,969,2,1,516.44
225,1094,1,1,40.85
226,1200,1,2,48.25
227,892,1,3,45.73
228,204,1,3,29.91
229,158,6,2,27.95
230,134,1,3,38.05
231,535,1,2,6.61
232,1046,4,1,2199.85
233,870,3,3,282.90
234,1272,2,2,134.16
235,160,2,2,372.98
236,887,1,3,6.19
237,61,2,2,264.39
238,146,1,2,30.93
239,578,1,1,36.72
240,1068,1,3,50.16
241,660,3,2,183.58
242,1179,1,1,20.48
243,622,1,1,33.41
244,882,1,3,37.03
245,1415,1,3,54.84
246,556,3,3,55.79
247,1174,1,1,32.21
248,999,1,3,27.35
249,795,3,2,188.50
250,166,3,2,127.04
251,1401,1,2,4.16
252,471,1,1,46.78
253,375,1,3,39.14
254,1418,1,2,48.90
255,1069,1,3,5.18
256,893,1,2,36.29
257,670,1,2,30.33
258,1376,2,1,631.40
259,1258,1,3,14.03
260,449,3,1,31.76
261,1358,2,2,635.59
262,45,1,1,13.74
263,332,4,3,1580.31
264,1211,1,1,3.13
265,1348,4,1,733.22
266,203,3,1,76.66
267,416,3,2,204.74
268,666,1,2,5.23
269,1074,1,2,45.97
270,1266,3,3,833.59
271,260,1,3,29.75
272,794,2,3,213.09
273,1289,1,1,19.20
274,429,3,2,738.94
275,657,4,3,1164.93
276,981,1,2,51.60
277,383,5,2,194.83
278,505,1,2,10.17
279,738,1,1,42.85
280,723,1,2,30.65
281,317,3,1,162.55
282,1119,1,1,48.97
283,105,6,3,225.97
284,521,1,1,50.21
285,603,1,2,7.46
286,288,2,1,213.92
287,392,3,3,897.68
288,1213,3,2,84.86
289,1419,1,3,29.31
290,1302,1,1,15.99
291,388,1,1,29.67
292,1023,1,1,23.00
293,375,1,2,50.90
294,604,4,2,1404.79
295,437,1,3,23.55
296,312,1,3,21.88
297,1222,3,2,280.63
298,1046,2,3,557.06
299,826,1,2,15.91
300,469,3,1,115.69
301,1416,3,2,247.17
302,383,2,3,476.33
303,847,2,3,585.45
304,209,2,3,601.99
305,1254,1,1,16.38
306,1082,1,3,8.91
307,219,2,2,633.71
308,1269,1,3,7.74
309,623,1,1,8.71
310,869,2,2,303.87
311,1428,3,1,127.96
312,486,3,2,290.63
313,1324,1,2,12.69
314,920,3,3,139.65
315,989,1,2,47.98
316,1122,1,1,5.30
317,806,1,2,43.42
318,1017,3,2,176.47
319,931,2,1,613.89
320,501,1,1,26.72
321,332,3,3,132.13
322,1386,3,1,213.50
323,1111,3,1,170.53
324,372,1,3,45.59
325,266,3,3,292.56
326,16,3,1,210.41
327,866,2,2,162.68
328,856,3,3,136.85
329,75,3,1,57.40
330,222,1,2,8.57
331,918,2,1,93.05
332,547,3,2,159.56
333,1046,2,1,215.31
334,208,1,1,12.81
335,118,2,2,506.47
336,407,1,2,30.26
337,1400,3,3,233.83
338,1358,1,2,41.83
339,683,3,1,38.49
340,1109,2,1,152.26
341,22,3,2,215.16
342,396,4,2,1936.52
343,1292,1,1,50.21
344,325,1,2,52.80
345,1130,2,2,611.97
346,168,2,1,627.09
347,1015,2,1,242.77
348,564,1,1,35.05
349,231,1,2,40.80
350,669,1,2,32.20
351,134,1,3,12.53
352,1222,2,1,104.76
353,823,1,3,3.77
354,1115,2,2,495.14
355,187,1,3,12.41
356,38,1,2,23.53
357,331,1,3,40.27
358,100,2,1,368.14
359,1229,1,2,18.77
360,1219,3,2,195.74
361,1083,2,1,141.10
362,1323,1,1,37.11
363,877,1,2,21.37
364,1174,3,3,163.95
365,638,1,2,5.70
366,61,1,2,8.24
367,1154,4,2,408.71
368,880,2,3,310.66
369,635,2,1,332.85
370,1110,2,1,227.15
371,822,2,1,349.32
372,634,1,1,45.33
373,175,2,1,580.66
374,622,3,3,95.75
375,832,1,3,52.64
376,701,1,3,21.48
377,1227,1,2,21.56
378,1429,1,1,9.91
379,947,1,3,22.03
380,1248,1,2,37.98
381,706,3,3,134.19
382,186,1,1,37.30
383,1219,1,3,28.15
384,692,1,2,35.48
385,556,2,2,476.78
386,322,4,3,1821.28
387,80,3,2,145.54
388,266,1,3,41.02
389,996,1,2,16.58
390,1012,1,3,40.35
391,1101,2,1,204.68
392,1447,1,3,17.86
393,1237,1,1,27.49
394,1418,2,1,240.27
395,111,2,2,398.04
396,164,1,2,30.22
397,1127,1,2,21.20
398,1243,1,3,10.92
399,152,1,2,24.83
400,394,3,1,208.39
401,272,4,2,1557.20
402,682,2,1,407.90
403,951,1,2,17.21
404,937,2,3,248.01
405,96,1,1,38.06
406,1200,4,2,637.21
407,518,3,1,189.96
408,734,2,3,638.52
409,1317,1,1,14.34
410,298,3,1,266.38
411,708,4,1,1801.10
412,868,1,3,37.01
413,839,1,1,13.68
414,1045,1,1,53.03
415,999,1,2,46.81
416,69,2,3,498.90
417,88,4,1,829.43
418,1139,1,1,20.72
419,763,1,1,7.57
420,104,1,3,10.63
421,1105,1,2,45.12
422,498,1,3,26.90
423,999,3,1,172.97
424,832,2,3,474.35
425,214,4,3,671.66
426,1152,1,2,14.56
427,1297,1,2,12.05
428,18,1,3,39.67
429,1283,3,3,98.04
430,669,2,2,248.77
431,1291,1,2,54.13
432,1425,1,2,24.47
433,119,1,2,8.15
434,1399,1,3,31.44
435,1228,1,2,53.05
436,968,2,2,221.88
437,1439,1,1,23.20
438,1206,4,1,363.14
439,553,1,1,19.81
440,117,1,1,8.46
441,905,1,3,6.34
442,1146,1,3,48.14
443,304,1,3,7.56
444,277,1,3,31.09
445,906,1,1,53.41
446,743,1,1,9.09
447,1052,2,1,443.13
448,436,1,1,22.68
449,653,1,1,24.31
450,363,1,1,6.07
451,859,2,3,534.75
452,1055,1,3,5.20
453,403,2,2,624.28
454,528,1,2,21.97
455,730,1,1,31.04
456,929,2,2,309.45
457,855,1,2,6.03
458,1185,1,1,48.67
459,598,2,1,581.75
460,1291,2,3,82.80
461,260,2,2,119.14
462,1216,1,1,29.87
463,476,4,2,1793.12
464,89,2,1,248.88
465,971,3,3,316.83
466,1300,1,3,31.73
467,1373,6,1,217.85
468,293,1,3,3.90
469,243,1,1,30.49
470,924,3,2,150.33
471,1352,3,1,122.36
472,1212,3,1,784.55
473,988,6,3,149.92
474,350,1,3,22.86
475,1195,4,2,1524.46
476,413,3,2,477.01
477,97,3,3,29.68
478,1317,1,3,19.79
479,576,1,1,39.88
480,604,1,2,50.29
481,118,1,2,18.54
482,1172,1,1,32.73
483,259,1,2,35.90
484,654,1,3,31.38
485,1085,1,1,37.45
486,1388,1,1,10.36
487,52,3,1,112.03
488,415,2,1,240.71
489,1215,1,1,46.35
490,1317,4,3,828.93
491,199,1,2,34.21
492,17,1,1,50.91
493,1120,3,3,754.95
494,1018,2,3,506.72
495,1248,1,3,13.03
496,1069,1,3,20.27
497,1456,2,1,396.53
498,929,1,3,31.79
499,535,1,3,14.78
500,709,3,1,158.82
501,918,1,2,49.19
502,595,4,3,928.74
503,496,2,1,96.05
504,184,3,2,246.74
505,153,1,1,29.43
506,43,3,2,165.84
507,1020,3,2,99.93
508,81,1,3,49.10
509,1390,2,3,149.25
510,547,1,2,16.27
511,591,1,1,36.50
512,872,1,3,25.26
513,268,1,3,39.33
514,21,3,2,174.62
515,1327,2,1,210.75
516,417,2,3,372.50
517,357,1,2,49.50
518,1014,1,2,43.06
519,625,1,2,32.70
520,460,1,3,7.41
521,1262,3,1,78.14
522,1082,1,1,48.44
523,484,1,3,7.29
524,315,3,3,237.04
525,240,2,3,346.41
526,213,3,1,270.01
527,98,2,1,222.79
528,1170,2,3,134.36
529,31,1,2,40.10
530,1038,2,2,346.84
531,356,1,2,3.80
532,744,1,2,14.22
533,810,3,2,216.16
534,1298,2,1,381.38
535,714,1,3,35.33
536,1084,1,1,51.22
537,933,3,1,423.27
538,458,1,2,28.76
539,1094,5,1,295.75
540,772,1,3,3.81
541,1204,1,3,27.70
542,178,1,1,15.70
543,609,1,3,5.52
544,67,2,1,226.68
545,1059,1,3,23.63
546,884,2,1,469.65
547,789,1,2,13.39
548,1327,1,2,41.29
549,374,1,3,48.76
550,888,1,2,16.02
551,1232,3,1,72.54
552,216,1,2,25.59
553,54,2,1,466.21
554,464,1,1,4.42
555,349,1,2,16.58
556,1124,1,3,33.80
557,659,2,1,412.10
558,265,2,2,632.99
559,325,1,3,30.68
560,1104,1,1,24.23
561,32,2,2,643.86
562,854,2,1,164.51
563,182,1,2,5.47
564,1124,1,2,29.87
565,310,1,2,17.96
566,1419,4,2,1415.38
567,1144,3,1,55.93
568,1110,1,1,43.24
569,48,1,3,46.01
570,1038,1,2,54.14
571,660,1,3,34.12
572,889,3,1,191.03
573,113,4,2,1952.32
574,1141,1,2,21.50
575,1174,1,1,14.44
576,297,3,3,249.37
577,1084,1,1,40.16
578,43,1,2,30.11
579,613,3,2,16.55
580,1142,3,1,579.34
581,536,2,3,269.29
582,845,4,2,1491.53
583,409,1,2,34.21
584,1452,1,1,23.15
585,869,1,3,24.97
586,1109,3,1,164.13
587,196,1,3,32.36
588,987,1,1,43.58
589,799,2,1,290.34
590,551,1,3,45.23
591,27,4,3,2144.86
592,877,1,1,23.66
593,248,1,2,33.21
594,939,1,3,33.50
595,727,1,2,6.98
596,1218,2,1,198.40
597,143,4,2,502.73
598,1214,1,2,11.12
599,1105,1,2,18.08
600,127,3,1,190.21
601,296,3,2,157.87
602,340,2,2,141.01
603,850,5,2,322.99
604,1445,1,1,31.86
605,1127,1,3,35.41
606,510,1,3,24.09
607,826,1,2,49.75
608,236,1,1,21.23
609,847,1,1,19.78
610,388,3,2,274.52
611,1160,3,1,202.81
612,63,2,1,226.65
613,951,1,3,33.89
614,631,1,1,40.02
615,275,1,1,39.00
616,406,1,2,15.55
617,1315,1,2,22.46
618,945,3,1,163.66
619,1114,1,3,48.17
620,1434,3,1,113.33
621,788,1,3,49.62
622,929,3,2,178.85
623,1192,2,2,80.66
624,838,1,1,30.51
625,660,1,1,8.53
626,604,1,2,54.30
627,1211,3,3,29.72
628,642,1,2,17.02
629,877,1,2,41.58
630,1260,1,3,37.79
631,1240,1,2,47.20
632,1131,2,3,148.07
633,177,3,1,192.43
634,1366,3,2,91.75
635,40,1,2,48.22
636,858,1,1,4.85
637,414,1,1,10.04
638,1009,1,1,11.69
639,426,2,1,284.78
640,91,2,1,274.00
641,645,2,1,558.19
642,896,2,1,240.17
643,211,1,1,47.84
644,568,2,1,206.43
645,46,3,2,275.88
646,203,1,1,12.21
647,1424,1,1,12.66
648,1461,3,2,72.55
649,26,1,3,28.15
650,1427,1,2,47.56
651,356,6,1,69.42
652,654,2,1,573.42
653,1100,1,2,14.07
654,933,3,3,240.85
655,1259,1,3,27.11
656,260,2,1,401.01
657,824,1,3,45.56
658,643,1,3,32.68
659,182,1,2,18.14
660,23,3,2,190.96
661,486,1,2,31.35
662,275,4,3,623.95
663,28,1,1,14.96
664,666,1,1,39.00
665,788,1,3,48.74
666,1406,2,3,169.57
667,469,5,3,175.66
668,1139,1,3,47.40
669,467,1,3,13.72
670,158,1,2,18.06
671,55,1,2,39.91
672,1057,1,1,34.50
673,1351,1,2,19.25
674,252,6,2,192.67
675,1033,1,1,44.49
676,1361,1,1,29.98
677,1460,1,3,12.19
678,899,1,1,51.42
679,727,1,2,31.90
680,549,1,3,31.09
681,113,3,3,170.17
682,6,1,2,25.90
683,362,3,2,65.86
684,953,1,3,28.33
685,831,1,2,39.79
686,399,3,1,152.26
687,1019,3,2,138.60
688,647,1,2,40.31
689,386,1,1,35.03
690,627,3,3,134.95
691,627,1,3,53.49
692,1375,4,3,1530.69
693,1311,1,2,39.52
694,779,1,3,17.42
695,1147,3,2,210.20
696,275,2,1,168.82
697,1398,5,2,257.91
698,1366,3,2,177.31
699,958,6,2,122.51
700,781,1,1,35.58
701,1340,1,3,16.81
702,817,5,2,301.20
703,383,1,3,45.49
704,1201,3,3,287.78
705,1317,1,2,50.86
706,676,1,1,27.90
707,470,3,3,813.05
708,394,1,3,24.17
709,681,3,1,690.13
710,798,1,2,12.50
711,68,1,3,4.75
712,626,1,2,29.15
713,912,1,1,14.03
714,551,1,2,51.93
715,1279,1,1,18.60
716,938,2,3,648.13
717,913,3,1,232.22
718,591,1,1,50.42
719,1280,3,1,182.43
720,1248,1,1,5.19
721,1236,1,2,32.76
722,1264,3,2,238.52
723,1268,1,3,52.83
724,676,1,2,20.41
725,364,3,1,246.76
726,643,1,1,25.47
727,347,6,1,160.96
728,1176,2,1,463.16
729,65,1,3,12.35
730,1454,1,1,27.49
731,1072,1,2,42.96
732,225,1,3,54.88
733,595,2,1,356.38
734,797,3,3,1092.38
735,1429,3,1,183.87
736,369,3,3,85.44
737,883,1,3,39.43
738,384,1,2,48.47
739,259,1,2,11.84
740,832,2,3,391.88
741,1402,1,2,5.06
742,11,1,3,7.70
743,840,1,1,5.16
744,1420,1,1,36.59
745,467,4,1,1696.36
746,134,1,3,13.77
747,1447,1,1,48.85
748,283,2,3,388.14
749,206,1,3,26.21
750,655,2,3,196.20
751,1012,1,1,30.73
752,206,2,1,214.64
753,202,3,3,138.56
754,547,1,1,20.84
755,1040,1,1,48.03
756,516,1,2,24.19
757,946,4,2,1813.61
758,1280,5,1,374.50
759,593,3,1,109.10
760,666,3,2,68.91
761,1074,3,3,200.95
762,1024,2,3,429.58
763,766,3,1,31.02
764,1216,1,1,18.22
765,1095,3,1,19.50
766,1372,3,1,104.75
767,124,1,3,28.52
768,1387,2,1,131.34
769,1422,1,1,23.29
770,176,2,2,421.09
771,463,1,3,53.13
772,163,1,2,26.05
773,105,3,1,65.51
774,218,1,1,28.25
775,1121,1,2,29.80
776,202,3,3,108.76
777,807,1,2,14.50
778,1111,2,3,211.48
779,1374,1,2,24.32
780,1223,3,3,278.23
781,438,3,1,185.05
782,467,2,2,436.35
783,1430,2,1,522.53
784,708,1,1,30.74
785,1438,1,3,27.10
786,771,1,3,9.27
787,752,1,3,47.56
788,633,1,1,16.58
789,1369,1,3,41.92
790,8,1,3,7.27
791,1114,1,2,28.78
792,305,2,2,137.14
793,240,3,1,80.91
794,315,1,3,16.50
795,945,1,2,37.25
796,158,2,1,256.08
797,953,1,2,44.03
798,632,2,3,496.99
799,1414,1,3,15.56
800,634,4,3,1213.55
801,749,6,3,171.29
802,1150,1,2,11.29
803,1168,2,2,303.46
804,754,1,2,24.04
805,1305,3,2,153.13
806,1161,1,2,36.62
807,877,1,1,36.29
808,746,1,2,13.40
809,893,1,1,7.58
810,588,1,1,54.61
811,1258,1,1,32.96
812,1367,1,3,54.67
813,870,2,1,567.03
814,444,3,2,136.70
815,1022,2,2,217.25
816,386,2,1,565.94
817,1300,1,3,20.34
818,1032,1,3,10.50
819,1346,1,1,26.88
820,614,1,1,54.17
821,736,1,3,3.98
822,802,1,3,43.94
823,627,1,2,19.17
824,1183,6,1,89.91
825,621,1,2,4.86
826,1408,1,1,33.87
827,1081,1,1,16.56
828,893,2,3,634.82
829,1081,1,3,46.91
830,1211,1,2,45.43
831,920,2,1,627.63
832,686,3,3,257.92
833,878,1,2,28.41
834,742,3,3,105.68
835,1151,1,3,51.86
836,1160,1,1,52.79
837,1282,3,3,126.92
838,526,1,2,36.41
839,1261,3,1,41.26
840,70,1,1,8.82
841,1457,3,1,27.51
842,806,3,1,249.12
843,654,3,2,258.94
844,442,1,1,36.26
845,263,3,2,163.37
846,974,4,2,1598.57
847,32,1,2,30.78
848,382,1,2,41.65
849,1012,3,2,746.11
850,220,1,3,40.27
851,56,3,1,46.68
852,849,1,1,8.96
853,1025,1,1,22.83
854,718,3,1,66.36
855,1154,1,3,51.81
856,1143,2,2,185.25
857,691,2,1,363.63
858,210,1,1,7.73
859,509,3,2,282.45
860,1077,6,3,73.49
861,7,1,1,42.89
862,931,2,1,217.74
863,18,1,3,50.69
864,559,4,2,1294.13
865,1259,6,3,36.18
866,1007,1,2,29.23
867,758,3,3,115.81
868,1274,4,3,491.45
869,839,1,2,18.88
870,638,1,3,36.56
871,873,3,1,223.90
872,1119,1,3,45.83
873,1349,2,1,377.34
874,1316,1,2,6.00
875,813,1,2,33.65
876,1143,1,1,43.16
877,269,3,3,181.17
878,957,1,3,52.86
879,260,2,2,626.17
880,1432,1,2,30.82
881,1397,3,2,233.38
882,1111,1,3,47.26
883,263,1,1,23.98
884,412,1,1,51.63
885,649,3,3,208.75
886,67,4,2,469.19
887,391,3,3,44.72
888,252,1,1,14.32
889,939,4,1,1306.91
890,455,3,2,184.11
891,506,1,3,16.20
892,617,3,2,43.43
893,1331,2,2,123.64
894,1387,3,1,262.97
895,1370,1,1,45.90
896,537,1,2,3.17
897,313,1,3,41.23
898,355,1,3,50.40
899,553,1,3,42.14
900,1022,3,3,237.87
901,47,1,2,8.70
902,572,3,1,210.49
903,711,3,1,17.99
904,1136,1,3,53.29
905,1241,1,3,27.63
906,1380,3,2,18.60
907,1178,1,3,27.16
908,2,1,2,43.10
909,1419,1,1,24.81
910,516,2,3,238.48
911,1316,3,1,831.03
912,969,3,1,207.39
913,1124,1,1,30.67
914,243,3,3,275.67
915,1193,1,2,22.13
916,1146,3,1,250.93
917,1153,1,3,43.53
918,764,2,3,495.01
919,255,4,1,1036.31
920,839,1,2,16.20
921,232,1,3,5.49
922,138,2,1,568.59
923,231,1,2,45.05
924,1101,1,1,7.75
925,149,1,1,46.13
926,1095,1,1,23.62
927,326,4,1,1216.74
928,137,1,2,17.26
929,591,1,1,16.43
930,1346,1,3,46.33
931,493,1,3,36.07
932,894,3,2,209.14
933,1197,1,1,25.95
934,824,3,3,182.63
935,1072,1,2,51.23
936,458,1,1,22.10
937,403,1,1,7.29
938,692,1,2,46.91
939,1072,1,1,6.77
940,1051,1,2,53.03
941,107,2,3,528.46
942,1302,1,2,18.57
943,852,1,2,48.20
944,1165,1,3,54.12
945,378,1,2,41.60
946,132,1,2,30.93
947,130,1,1,34.03
948,1366,4,3,1627.46
949,515,3,1,1136.64
950,402,1,3,53.74
951,821,1,1,4.55
952,312,1,1,26.95
953,418,3,1,68.03
954,179,2,3,171.57
955,1434,3,2,163.50
956,803,2,3,479.93
957,970,1,2,42.08
958,468,1,3,21.04
959,289,3,1,177.29
960,53,2,3,528.67
961,1048,1,3,13.90
962,414,1,2,4.70
963,563,4,1,1952.94
964,862,5,2,217.08
965,1162,2,2,433.98
966,622,1,2,45.65
967,1268,3,3,160.16
968,777,1,2,10.77
969,338,1,3,26.95
970,183,3,1,69.46
971,220,2,1,402.76
972,213,1,3,53.03
973,727,1,1,39.17
974,1266,3,3,131.41
975,192,3,1,283.17
976,938,1,3,35.59
977,197,1,3,10.43
978,976,1,2,3.15
979,994,1,3,15.85
980,782,3,3,179.11
981,379,1,3,15.48
982,35,1,1,4.54
983,1369,2,2,525.40
984,1361,1,2,3.94
985,671,1,2,12.70
986,800,3,1,98.82
987,876,1,3,50.73
988,707,1,1,26.87
989,1282,1,1,21.18
990,139,1,3,34.99
991,920,5,2,362.66
992,395,1,2,6.18
993,1202,5,1,239.25
994,1085,3,1,223.95
995,632,1,3,32.34
996,353,3,2,151.20
997,787,2,3,263.60
998,725,1,3,13.72
999,121,1,1,44.78
1000,162,4,3,915.15
1001,84,1,3,28.56
1002,511,1,2,32.54
1003,687,2,3,110.83
1004,882,1,2,27.78
1005,52,1,3,44.87
1006,613,1,1,11.19
1007,686,1,1,38.74
1008,1042,3,3,255.77
1009,1302,1,2,33.99
1010,462,1,2,26.64
1011,1262,1,2,25.43
1012,1324,1,1,50.03
1013,211,1,1,40.61
1014,1244,1,2,16.66
1015,689,1,3,14.88
1016,610,1,3,10.27
1017,1339,1,1,51.05
1018,1198,2,3,397.30
1019,149,1,3,43.23
1020,851,5,3,246.14
1021,899,4,1,1094.33
1022,1433,2,2,109.54
1023,500,1,2,12.21
1024,312,1,3,40.50
1025,297,5,2,237.67
1026,369,1,3,49.24
1027,734,1,1,6.13
1028,255,1,3,44.40
1029,165,3,2,247.45
1030,905,1,2,13.81
1031,363,4,3,1578.01
1032,30,1,1,36.48
1033,889,1,2,3.58
1034,702,2,3,394.91
1035,1263,1,1,36.87
1036,1082,1,3,26.35
1037,1119,3,1,238.04
1038,181,1,1,19.77
1039,1246,1,2,27.53
1040,793,3,3,132.67
1041,663,1,1,48.71
1042,787,1,2,31.44
1043,641,3,3,19.98
1044,514,3,2,223.72
1045,123,2,2,121.79
1046,1263,3,3,298.71
1047,1295,3,3,154.97
1048,1205,1,3,16.75
1049,287,1,1,35.12
1050,1385,1,3,21.94
1051,552,3,3,91.52
1052,681,1,1,9.45
1053,1048,1,2,30.53
1054,1112,1,3,28.32
1055,109,3,2,225.88
1056,1441,3,2,62.25
1057,1017,1,3,35.31
1058,1250,3,1,140.53
1059,990,1,3,26.14
1060,1054,1,2,35.48
1061,428,3,3,58.22
1062,75,1,3,42.24
1063,501,2,2,124.76
1064,760,1,1,18.52
1065,15,1,2,43.89
1066,1302,3,2,19.59
1067,1011,1,2,19.20
1068,863,1,2,17.90
1069,889,1,3,3.75
1070,440,1,2,18.93
1071,905,3,1,230.29
1072,800,1,2,49.41
1073,359,1,2,9.86
1074,1109,2,2,378.23
1075,502,2,1,104.94
1076,714,3,2,95.08
1077,499,1,1,28.56
1078,605,1,1,51.55
1079,231,3,3,86.99
1080,259,1,2,49.56
1081,317,3,2,971.70
1082,1074,3,3,901.56
1083,100,1,2,43.66
1084,407,2,2,567.40
1085,11,3,1,207.07
1086,265,1,1,38.61
1087,119,1,2,23.34
1088,456,1,2,15.72
1089,714,1,3,28.93
1090,249,1,2,11.49
1091,1423,3,2,120.76
1092,897,1,2,18.22
1093,1404,1,2,30.77
1094,1267,4,1,1315.31
1095,781,2,3,121.10
1096,545,1,2,29.25
1097,272,1,3,52.04
1098,201,2,1,259.62
1099,395,2,1,586.93
1100,770,1,1,13.16
1101,1319,1,2,22.09
1102,1091,1,1,52.18
1103,1155,1,1,24.62
1104,649,1,3,33.15
1105,388,1,3,9.26
1106,507,2,3,573.60
1107,1162,1,2,53.99
1108,1377,1,2,3.39
1109,168,2,1,453.24
1110,1070,1,2,17.25
1111,830,2,3,231.41
1112,166,1,3,36.55
1113,1026,3,1,291.02
1114,247,1,1,13.72
1115,336,3,3,258.81
1116,1075,3,2,110.46
1117,442,1,1,52.27
1118,1139,3,2,226.25
1119,818,1,2,25.12
1120,718,2,1,287.81
1121,207,2,2,422.72
1122,312,3,2,1143.32
1123,77,4,2,844.89
1124,1334,1,2,22.77
1125,90,2,3,483.46
1126,718,2,3,310.75
1127,50,1,2,15.98
1128,1082,1,3,51.73
1129,19,3,1,213.11
1130,1347,4,3,1486.12
1131,403,2,1,531.46
1132,1014,2,1,284.14
1133,463,3,1,168.32
1134,1169,2,2,388.86
1135,1335,1,3,43.70
1136,256,2,1,325.56
1137,1457,1,1,22.84
1138,1265,4,1,1883.90
1139,789,1,1,42.07
1140,567,3,2,205.69
1141,52,3,2,183.80
1142,522,3,3,49.71
1143,854,1,2,40.21
1144,1460,3,2,130.49
1145,1058,1,1,20.20
1146,172,1,1,25.77
1147,913,1,3,35.32
1148,412,1,1,23.66
1149,202,1,1,11.75
1150,1432,4,1,1512.59
1151,672,1,2,21.94
1152,813,3,1,163.36
1153,430,5,1,340.70
1154,1283,4,1,667.06
1155,532,1,1,41.67
1156,341,1,2,43.78
1157,114,4,3,869.03
1158,1377,1,2,45.05
1159,359,3,3,41.49
1160,283,2,1,469.48
1161,395,1,2,4.44
1162,493,1,2,21.58
1163,143,1,1,54.32
1164,929,1,3,9.98
1165,547,1,3,6.68
1166,971,4,3,1607.80
1167,934,1,3,23.94
1168,1277,1,3,11.06
1169,95,2,1,468.96
1170,737,1,3,34.01
1171,36,2,3,631.60
1172,150,3,3,124.53
1173,876,4,1,351.19
1174,461,4,3,1636.33
1175,498,1,1,33.27
1176,318,1,3,46.99
1177,319,1,3,43.00
1178,727,2,2,178.98
1179,1057,1,2,11.89
1180,1111,2,3,389.90
1181,1367,1,1,22.82
1182,1377,1,3,50.42
1183,444,1,3,28.96
1184,668,1,2,9.17
1185,1260,1,1,32.48
1186,371,1,3,18.87
1187,492,1,2,27.82
1188,123,3,1,955.24
1189,44,1,2,40.50
1190,231,3,3,271.36
1191,475,2,3,82.36
1192,955,1,2,39.39
1193,198,1,3,23.91
1194,921,1,1,19.51
1195,1181,1,3,26.52
1196,318,1,1,17.79
1197,647,4,3,1295.30
1198,1185,6,3,199.43
1199,1049,1,3,14.93
1200,751,1,1,28.84
1201,1066,2,1,154.43
1202,1143,2,3,433.47
1203,161,1,2,15.21
1204,687,1,1,30.95
1205,895,1,3,44.87
1206,1077,1,1,10.29
1207,1011,3,2,74.26
1208,1315,1,3,17.43
1209,210,1,3,43.13
1210,876,3,3,866.52
1211,89,1,3,53.78
1212,1350,3,3,255.57
1213,191,1,1,9.05
1214,291,6,1,86.66
1215,383,1,1,23.78
1216,388,1,2,6.57
1217,1224,1,2,51.72
1218,364,4,1,1094.25
1219,524,1,1,15.23
1220,1395,2,1,366.74
1221,1337,1,2,3.05
1222,640,3,2,285.22
1223,16,1,3,28.28
1224,39,1,2,42.59
1225,513,1,2,50.84
1226,619,1,1,30.72
1227,533,1,1,16.27
1228,1001,4,1,320.11
1229,340,1,2,49.57
1230,55,2,2,163.92
1231,207,1,2,45.06
1232,200,1,2,40.76
1233,978,2,1,407.38
1234,982,1,2,31.43
1235,360,3,1,221.43
1236,1376,1,3,29.39
1237,1389,1,3,42.54
1238,966,1,2,23.55
1239,280,1,1,13.56
1240,1069,1,2,30.36
1241,994,3,1,80.19
1242,342,1,2,42.31
1243,663,1,3,35.70
1244,560,1,2,42.67
1245,286,1,1,27.69
1246,692,1,2,29.13
1247,1266,2,1,525.52
1248,373,4,1,1734.01
1249,1456,1,3,29.71
1250,53,1,3,50.07
1251,1288,2,2,283.12
1252,1410,1,3,40.32
1253,209,2,1,283.94
1254,966,1,1,31.72
1255,100,2,3,463.26
1256,36,1,2,43.11
1257,601,4,2,1178.15
1258,170,1,1,34.65
1259,127,1,2,42.62
1260,1418,1,3,30.09
1261,637,3,3,21.48
1262,1425,1,3,6.96
1263,1400,1,1,33.71
1264,39,1,2,41.33
1265,503,3,2,56.51
1266,701,1,1,29.08
1267,535,3,3,861.49
1268,1157,6,2,185.32
1269,317,3,1,472.76
1270,161,2,2,125.64
1271,1027,1,2,34.92
1272,1001,2,3,202.57
1273,106,3,3,190.70
1274,1126,2,3,582.36
1275,1151,2,2,271.02
1276,943,1,2,41.11
1277,480,1,2,8.78
1278,1232,1,1,34.73
1279,1205,1,2,15.87
1280,1361,2,2,506.82
1281,1188,5,1,68.99
1282,1130,1,2,53.27
1283,729,3,3,228.06
1284,1025,3,3,261.53
1285,618,3,1,141.40
1286,440,1,1,28.25
1287,101,4,3,560.53
1288,1064,1,1,37.16
1289,1215,3,1,1115.43
1290,515,6,1,127.01
1291,98,3,1,240.50
1292,1356,3,1,242.31
1293,211,1,3,37.21
1294,15,4,1,1455.52
1295,1321,4,2,754.50
1296,1274,1,3,40.77
1297,1296,5,1,215.47
1298,72,1,2,31.82
1299,187,3,2,163.40
1300,262,1,1,31.40
1301,806,4,1,1918.44
1302,165,1,2,45.66
1303,971,1,2,37.40
1304,1057,2,1,253.04
1305,1042,3,1,26.38
1306,426,1,2,40.71
1307,818,1,1,35.77
1308,1418,1,1,23.52
1309,1117,1,1,4.59
1310,744,1,3,38.16
1311,582,1,2,29.41
1312,518,2,3,577.63
1313,146,1,1,23.70
1314,1080,1,2,7.01
1315,59,3,3,143.18
1316,207,3,2,28.93
1317,489,1,2,44.08
1318,223,1,2,48.64
1319,142,2,3,99.37
1320,778,4,1,1454.35
1321,1424,3,1,20.83
1322,365,1,2,26.39
1323,532,1,2,52.29
1324,670,2,2,351.23
1325,307,4,1,1552.09
1326,76,1,2,14.95
1327,1223,2,3,460.71
1328,340,1,2,51.59
1329,1227,2,1,430.30
1330,1187,1,2,27.91
1331,763,1,1,41.42
1332,1230,5,2,156.81
1333,1438,1,1,10.59
1334,1442,1,3,29.06
1335,1225,3,1,572.54
1336,261,1,1,41.57
1337,227,1,3,41.89
1338,1025,2,3,95.13
1339,699,1,3,33.79
1340,184,4,1,517.36
1341,164,3,2,266.53
1342,273,1,3,11.77
1343,1236,1,3,45.05
1344,625,3,1,770.96
1345,526,4,3,915.11
1346,1190,1,3,20.91
1347,624,1,1,44.74
1348,1296,1,1,47.92
1349,1168,1,2,45.15
1350,128,3,2,60.32
1351,1288,1,2,7.45
1352,298,2,3,207.76
1353,1329,1,1,16.68
1354,1237,1,1,26.10
1355,4,3,2,73.79
1356,1423,1,1,4.44
1357,60,3,2,48.08
1358,695,1,2,8.95
1359,1040,1,1,18.07
1360,1444,3,3,188.03
1361,417,1,2,12.86
1362,1204,1,3,11.61
1363,853,1,2,10.37
1364,1408,3,1,134.26
1365,1410,1,1,10.20
1366,1307,2,1,114.26
1367,859,1,1,23.12
1368,326,3,2,316.63
1369,206,1,2,41.62
1370,1243,1,3,25.13
1371,1307,3,1,59.49
1372,996,3,1,151.07
1373,515,1,3,11.63
1374,328,1,2,19.96
1375,1307,1,1,14.79
1376,722,2,2,163.73
1377,432,2,3,107.19
1378,524,1,1,54.75
1379,249,6,2,248.62
1380,716,2,2,240.00
1381,633,1,2,7.44
1382,1452,1,3,12.47
1383,663,3,3,116.46
1384,66,3,3,77.64
1385,1280,2,3,420.61
1386,681,2,3,286.43
1387,1363,3,2,258.55
1388,1390,1,3,3.42
1389,967,1,2,45.23
1390,864,2,1,138.66
1391,344,1,3,13.87
1392,713,4,1,751.49
1393,1312,1,2,48.21
1394,1177,2,3,122.91
1395,724,1,2,22.96
1396,566,1,3,21.90
1397,1413,1,2,18.94
1398,358,1,2,31.18
1399,267,4,1,441.64
1400,5,3,3,679.81
1401,191,3,1,161.88
1402,1184,1,2,28.00
1403,27,3,3,287.15
1404,88,1,1,18.99
1405,755,3,1,234.18
1406,1014,3,3,218.94
1407,915,2,3,387.24
1408,1223,1,3,44.05
1409,1189,1,1,13.55
1410,747,5,1,301.92
1411,1061,1,3,52.98
1412,1174,2,3,582.13
1413,1171,1,1,36.88
1414,946,1,2,11.22
1415,348,1,2,13.11
1416,484,1,1,31.57
1417,452,1,3,21.47
1418,480,3,2,222.00
1419,1096,1,1,4.88
1420,716,1,2,46.47
1421,1088,1,3,32.80
1422,1330,1,3,12.77
1423,189,2,1,317.61
1424,798,6,1,90.95
1425,1328,1,3,30.48
1426,1317,3,3,243.28
1427,793,1,1,43.34
1428,903,1,2,51.96
1429,898,1,1,4.64
1430,119,1,3,25.24
1431,1336,1,2,53.50
1432,449,1,1,38.25
1433,1008,1,2,49.17
1434,766,3,3,277.42
1435,825,2,1,274.99
1436,1383,1,1,30.20
1437,832,1,3,5.55
1438,24,1,3,51.96
1439,650,1,2,12.74
1440,785,3,1,229.49
1441,1422,1,1,53.68
1442,865,3,1,61.16
1443,490,1,1,9.46
1444,82,3,3,145.99
1445,871,1,1,43.69
1446,188,1,3,17.56
1447,436,2,1,161.71
1448,1216,1,2,44.04
1449,1199,1,1,54.30
1450,735,1,3,15.97
1451,809,3,1,193.40
1452,239,1,2,26.12
1453,53,2,3,263.11
1454,127,2,1,114.12
1455,1174,1,2,12.13
1456,564,4,1,1091.42
1457,304,1,2,38.49
1458,1146,4,2,673.50
1459,773,3,1,203.55
1460,689,1,2,21.55
1461,1098,1,1,34.13
1462,772,3,1,21.33
1463,668,1,1,14.18
1464,1044,1,1,32.14
1465,865,1,1,51.74
1466,1091,1,1,13.17
1467,1219,4,3,1702.72
1468,1008,1,1,39.44
1469,297,4,2,356.67
1470,597,2,1,531.33
1471,758,1,2,8.03
1472,361,1,2,53.45
1473,837,3,1,217.45
1474,557,1,2,16.81
1475,301,1,2,37.42
1476,191,3,1,191.62
1477,823,1,2,6.81
1478,358,5,3,126.09
1479,253,1,3,54.62
1480,546,1,1,27.62
1481,110,1,3,26.03
1482,651,3,3,54.82
1483,1109,1,3,16.85
1484,1265,1,2,27.55
1485,446,1,3,30.02
1486,593,3,2,220.74
1487,1155,3,3,242.70
1488,1459,1,1,4.70
1489,392,1,3,49.44
1490,457,1,1,4.81
1491,274,3,1,186.15
1492,1114,1,3,19.84
1493,405,1,3,35.70
1494,1155,4,2,1028.17
1495,882,1,3,28.05
1496,255,2,1,623.87
1497,1390,1,2,31.82
1498,609,1,3,14.24
1499,871,4,1,1417.40
1500,629,2,1,477.31
1501,1181,1,3,34.32
1502,467,1,3,50.14
1503,111,1,1,42.35
1504,408,3,2,223.18
1505,14,1,2,32.14
1506,110,1,1,38.00
1507,412,1,2,16.30
1508,1115,1,3,34.25
1509,1275,1,3,44.98
1510,1081,1,1,28.98
1511,560,1,2,6.60
1512,529,4,2,1728.82
1513,833,3,2,275.79
1514,112,6,1,102.09
1515,734,3,1,236.86
1516,802,3,2,145.24
1517,1204,2,2,442.28
1518,767,3,1,149.99
1519,697,1,1,4.58
1520,1294,1,2,15.91
1521,1430,2,3,247.67
1522,83,4,2,725.25
1523,74,1,1,4.77
1524,235,3,1,89.53
1525,532,1,3,24.66
1526,587,4,1,553.35
1527,325,1,1,18.92
1528,744,1,1,37.85
1529,1110,6,2,62.03
1530,1284,1,1,49.19
1531,321,1,1,15.90
1532,20,3,3,197.05
1533,1431,1,2,9.65
1534,155,3,3,41.80
1535,1212,1,2,17.65
1536,392,1,2,31.11
1537,673,1,2,53.78
1538,1228,1,3,53.10
1539,447,2,2,448.14
1540,962,1,1,29.14
1541,1159,4,2,1665.44
1542,11,2,1,332.61
1543,525,2,1,318.26
1544,504,1,2,52.76
1545,858,1,1,45.14
1546,22,1,3,34.27
1547,666,1,1,19.32
1548,1300,2,2,221.49
1549,264,1,3,32.34
1550,10,3,2,114.18
1551,376,3,1,148.88
1552,1260,5,3,220.12
1553,387,3,3,291.75
1554,700,3,2,73.86
1555,1016,3,1,275.11
1556,725,3,1,137.39
1557,844,1,3,45.02
1558,647,2,3,144.25
1559,1,1,3,17.96
1560,887,3,3,240.72
1561,1153,4,3,546.64
1562,1351,1,3,24.19
1563,491,1,1,29.05
1564,1400,5,2,150.92
1565,404,1,2,50.68
1566,55,2,3,558.53
1567,1309,2,1,513.63
1568,319,1,3,3.97
1569,741,1,2,53.18
1570,816,1,2,34.53
1571,530,1,1,8.86
1572,1209,2,1,632.08
1573,37,6,1,38.88
1574,313,3,2,194.72
1575,520,1,3,32.60
1576,1129,1,2,26.24
1577,191,1,1,24.95
1578,411,1,3,25.90
1579,1066,1,2,4.83
1580,1135,1,1,37.44
1581,1446,2,3,307.77
1582,947,3,1,75.03
1583,1095,1,3,11.82
1584,1416,1,1,36.32
1585,872,6,2,144.60
1586,715,3,2,206.10
1587,701,4,3,1166.43
1588,58,1,3,13.79
1589,1299,1,2,42.90
1590,63,3,2,58.09
1591,868,3,2,105.60
1592,1295,1,3,26.87
1593,1060,3,1,1142.42
1594,864,5,1,166.27
1595,886,1,3,29.10
1596,1431,2,2,643.92
1597,1178,1,3,53.24
1598,914,1,2,14.99
1599,1008,1,3,31.33
1600,785,1,1,6.31
1601,832,1,3,14.01
1602,1149,1,3,46.94
1603,1320,1,2,50.78
1604,279,3,2,265.08
1605,881,1,3,16.14
1606,1456,1,3,45.34
1607,695,2,2,642.40
1608,412,2,1,124.18
1609,49,2,2,616.22
1610,223,1,3,39.09
1611,685,3,1,292.00
1612,1021,5,3,49.14
1613,270,1,2,28.96
1614,1395,1,2,24.24
1615,346,1,1,14.81
1616,4,3,2,125.50
1617,991,1,3,30.50
1618,56,2,1,346.12
1619,3,1,3,16.88
1620,925,2,3,141.04
1621,1335,1,3,7.90
1622,303,1,1,15.11
1623,314,2,2,530.90
1624,232,1,1,3.47
1625,737,1,1,26.13
1626,585,1,3,33.75
1627,513,1,3,17.68
1628,1310,1,2,53.64
1629,361,2,2,608.08
1630,793,1,1,49.43
1631,421,1,3,4.46
1632,1192,1,2,48.91
1633,1329,1,1,26.93
1634,121,1,3,29.17
1635,856,1,3,11.28
1636,1240,2,3,304.78
1637,545,2,2,255.96
1638,221,1,1,7.48
1639,160,2,3,205.66
1640,221,1,2,36.48
1641,1069,1,3,42.55
1642,1129,1,1,10.96
1643,609,1,2,52.06
1644,1371,2,3,329.89
1645,1327,1,3,38.37
1646,791,1,1,48.47
1647,489,2,1,386.24
1648,403,3,1,214.06
1649,661,1,2,37.91
1650,446,1,2,11.93
1651,181,1,1,3.70
1652,689,1,1,51.16
1653,539,3,2,46.99
1654,1062,1,1,11.66
1655,1437,3,3,140.64
1656,720,3,3,174.97
1657,367,1,1,29.40
1658,253,3,1,152.37
1659,516,3,1,172.74
1660,365,1,1,48.97
1661,107,2,3,288.41
1662,487,1,1,42.69
1663,1310,1,3,53.38
1664,435,2,2,123.64
1665,1195,2,2,526.58
1666,123,2,3,172.16
1667,80,1,3,33.70
1668,950,1,3,51.92
1669,535,1,2,18.71
1670,966,1,3,23.90
1671,991,4,2,1033.88
1672,963,3,3,25.08
1673,952,1,2,9.35
1674,65,1,2,22.80
1675,129,1,1,48.88
1676,939,4,2,1421.65
1677,243,3,2,69.17
1678,736,1,2,17.76
1679,736,1,3,40.58
1680,579,3,1,130.09
1681,352,3,3,80.42
1682,1119,3,1,218.06
1683,763,1,3,11.02
1684,1440,1,1,46.99
1685,505,1,3,23.92
1686,782,4,2,2088.71
1687,590,3,3,1150.85
1688,79,2,1,262.35
1689,1141,1,3,18.33
1690,151,1,2,40.02
1691,644,6,2,200.55
1692,510,1,2,16.28
1693,366,6,2,161.50
1694,1296,5,3,230.77
1695,333,3,3,164.20
1696,232,2,2,176.57
1697,1437,1,3,19.90
1698,1093,1,1,44.63
1699,1223,1,3,33.60
1700,852,1,1,11.90
1701,449,2,2,406.73
1702,648,2,2,141.66
1703,124,4,2,923.04
1704,1017,1,2,10.98
1705,709,1,1,29.91
1706,884,3,1,620.21
1707,99,2,3,604.88
1708,1015,2,1,430.53
1709,1306,2,2,289.60
1710,413,3,2,112.29
1711,938,2,2,649.92
1712,101,4,3,1947.73
1713,1315,1,2,26.09
1714,483,1,2,45.29
1715,707,2,2,101.34
1716,1353,2,3,430.46
1717,258,3,1,23.31
1718,913,1,1,19.71
1719,603,1,2,15.42
1720,341,1,3,40.16
1721,783,1,2,9.12
1722,368,3,3,105.21
1723,620,1,1,5.38
1724,449,1,3,46.42
1725,29,1,1,49.45
1726,855,1,2,16.25
1727,667,1,1,54.93
1728,134,1,2,46.85
1729,13,1,3,10.35
1730,1244,1,3,19.55
1731,973,2,3,209.62
1732,798,1,1,53.57
1733,368,1,3,31.50
1734,999,2,2,571.60
1735,1373,1,2,51.09
1736,414,1,3,44.49
1737,1032,1,3,43.71
1738,373,3,1,69.52
1739,806,3,1,91.94
1740,544,1,2,42.50
1741,462,1,2,8.63
1742,184,1,3,12.28
1743,999,1,3,39.08
1744,285,5,1,149.85
1745,1005,3,3,168.93
1746,780,3,1,92.34
1747,407,1,1,47.39
1748,1070,1,3,35.04
1749,702,1,2,18.26
1750,1150,6,1,115.77
1751,842,2,1,177.44
1752,1029,2,2,617.16
1753,826,1,3,16.20
1754,1249,1,1,13.71
1755,1022,4,3,2086.19
1756,529,3,2,216.56
1757,1257,1,2,15.50
1758,360,1,3,18.63
1759,580,1,1,32.04
1760,839,1,1,50.11
1761,365,3,3,963.14
1762,1386,2,2,488.74
1763,389,1,1,13.32
1764,203,1,1,14.11
1765,210,1,3,4.87
1766,305,6,1,63.99
1767,790,1,2,53.73
1768,1256,4,2,1060.99
1769,1173,4,1,1276.82
1770,997,3,2,260.60
1771,548,1,1,26.01
1772,167,1,3,25.45
1773,866,4,1,466.05
1774,191,1,1,33.23
1775,1110,1,2,48.07
1776,1282,1,2,8.07
1777,1114,1,2,35.30
1778,364,1,3,24.59
1779,9,1,1,21.86
1780,9,1,3,27.31
1781,421,1,1,48.62
1782,1259,1,1,14.85
1783,1157,2,2,536.67
1784,824,1,3,33.41
1785,417,1,1,13.73
1786,1130,1,1,13.64
1787,716,1,3,53.58
1788,170,1,1,42.79
1789,1020,3,3,222.03
1790,1217,1,3,43.53
1791,1132,2,1,120.91
1792,101,1,1,13.84
1793,30,2,3,425.15
1794,1390,1,3,39.26
1795,1360,1,1,4.65
1796,1331,1,1,13.41
1797,1264,3,1,164.82
1798,771,3,1,100.85
1799,301,3,2,148.83
1800,1130,1,2,44.80
1801,1254,2,2,640.66
1802,1262,3,3,200.34
1803,1227,3,3,1196.56
1804,123,1,2,31.74
1805,1168,1,2,30.47
1806,192,1,2,19.54
1807,274,3,1,156.86
1808,107,1,2,17.62
1809,441,2,3,430.73
1810,845,2,1,226.81
1811,1338,1,1,50.05
1812,712,2,1,117.81
1813,759,3,2,289.53
1814,490,3,3,169.56
1815,1440,1,2,5.42
1816,113,1,1,22.92
1817,935,3,2,99.43
1818,1352,1,1,54.83
1819,436,3,1,66.00
1820,454,1,3,43.55
1821,1451,1,3,15.49
1822,74,1,2,39.71
1823,1300,1,2,33.85
1824,1066,2,3,328.49
1825,403,1,1,21.42
1826,392,4,2,529.06
1827,575,3,2,235.39
1828,656,1,2,11.83
1829,1345,1,1,3.40
1830,855,1,1,4.42
1831,869,1,1,23.97
1832,56,3,1,146.27
1833,837,1,2,32.99
1834,578,1,3,7.62
1835,1100,4,1,353.11
1836,1282,2,1,206.45
1837,541,1,1,21.49
1838,58,2,1,579.82
1839,589,1,1,48.53
1840,750,3,2,109.27
1841,1343,3,2,24.11
1842,1288,3,3,1037.69
1843,795,1,3,10.23
1844,1109,1,1,49.72
1845,785,1,1,7.06
1846,1056,1,2,41.16
1847,1304,3,1,250.08
1848,62,1,1,5.72
1849,883,1,1,45.87
1850,1446,4,2,1755.26
1851,83,1,3,16.27
1852,1176,3,3,85.30
1853,1078,3,2,139.57
1854,262,4,3,958.30
1855,1258,3,2,153.23
1856,1039,3,2,884.36
1857,275,2,2,375.46
1858,1072,1,3,10.35
1859,895,1,2,29.33
1860,957,1,3,37.52
1861,659,3,3,287.91
1862,1110,1,3,27.50
1863,96,2,2,188.25
1864,818,1,2,5.27
1865,137,1,1,51.86
1866,268,4,2,890.23
1867,1307,1,3,22.18
1868,339,1,3,3.46
1869,565,2,1,455.01
1870,1320,3,2,202.68
1871,1008,2,1,122.17
1872,142,2,1,469.60
1873,321,3,1,252.72
1874,580,5,3,374.83
1875,1178,1,1,29.56
1876,1373,1,1,50.29
1877,977,3,1,822.29
1878,999,1,1,21.63
1879,817,6,3,235.53
1880,913,1,3,48.09
1881,604,2,2,353.22
1882,516,2,3,373.95
1883,1135,1,2,21.04
1884,1332,1,2,4.91
1885,271,1,3,37.28
1886,739,3,2,20.86
1887,1261,1,1,40.13
1888,759,2,1,332.61
1889,430,3,1,94.94
1890,1423,1,1,34.26
1891,376,1,2,24.46
1892,423,1,1,3.54
1893,21,1,3,23.89
1894,1039,5,2,313.29
1895,450,2,1,288.54
1896,1310,1,1,43.94
1897,900,3,3,294.51
1898,147,2,1,605.70
1899,217,2,3,333.20
1900,435,1,1,26.02
1901,1416,1,1,29.49
1902,811,1,2,31.28
1903,963,1,3,47.64
1904,1010,2,1,281.99
1905,1200,3,1,263.39
1906,457,1,1,5.88
1907,1145,1,2,6.37
1908,1086,4,3,1338.52
1909,480,1,3,43.71
1910,1441,1,2,29.64
1911,1038,1,3,31.11
1912,138,1,2,35.73
1913,1442,1,2,4.13
1914,1190,1,1,43.49
1915,306,3,2,194.29
1916,251,1,2,34.89
1917,857,1,3,47.43
1918,361,2,3,350.55
1919,550,1,3,51.04
1920,621,3,3,757.09
1921,315,3,2,145.81
1922,172,1,1,17.69
1923,852,2,3,145.44
1924,658,1,1,47.21
1925,578,1,3,23.99
1926,815,2,1,224.84
1927,753,2,1,132.80
1928,491,1,3,43.36
1929,494,3,1,194.91
1930,100,3,2,173.72
1931,1379,4,1,2025.94
1932,962,4,1,1611.34
1933,386,1,3,52.63
1934,281,1,3,49.72
1935,941,2,1,92.11
1936,486,3,3,250.44
1937,1415,1,3,17.80
1938,1437,3,2,210.65
1939,1112,1,3,30.27
1940,353,2,2,380.61
1941,979,2,1,392.52
1942,649,1,3,29.74
1943,183,1,2,25.76
1944,459,1,1,22.08
1945,1046,2,2,560.40
1946,348,2,2,381.79
1947,177,1,3,7.95
1948,911,1,1,50.39
1949,848,1,1,15.46
1950,514,1,1,26.40
1951,71,1,3,53.89
1952,323,1,1,13.67
1953,1156,3,1,106.98
1954,465,1,2,51.71
1955,110,1,1,32.45
1956,1357,3,2,245.60
1957,269,3,1,215.99
1958,444,1,1,21.21
1959,182,1,3,29.81
1960,415,5,1,60.99
1961,726,1,3,11.33
1962,29,1,2,24.43
1963,1428,1,2,53.42
1964,495,1,2,46.11
1965,1362,2,2,235.11
1966,527,1,2,45.25
1967,778,3,2,121.32
1968,1201,1,1,22.93
1969,768,1,1,33.00
1970,1195,1,3,33.83
1971,1176,3,3,67.93
1972,1345,1,1,47.47
1973,960,1,2,46.89
1974,1280,2,2,554.26
1975,866,2,3,379.93
1976,1237,1,2,48.67
1977,1188,3,3,240.09
1978,952,3,1,146.30
1979,1162,1,3,26.78
1980,1387,1,1,29.53
1981,706,1,3,47.71
1982,442,3,2,196.32
1983,1208,2,3,490.98
1984,654,4,3,761.03
1985,456,2,2,443.67
1986,561,3,3,53.95
1987,1320,1,3,26.82
1988,772,1,1,51.37
1989,1043,1,3,12.72
1990,262,1,1,17.69
1991,1023,2,2,596.47
1992,799,1,2,32.09
1993,418,5,2,279.58
1994,1390,3,1,626.76
1995,725,3,3,75.54
1996,1008,1,3,53.41
1997,846,3,2,16.24
1998,1261,3,3,718.99
1999,1244,1,3,38.91
2000,395,3,2,114.69
2001,769,1,3,9.04
2002,1162,1,2,27.42
2003,192,2,1,341.87
2004,413,1,1,33.45
2005,914,1,3,53.15
2006,1360,1,1,24.04
2007,131,1,1,14.09
2008,774,1,1,45.11
2009,367,1,2,28.60
2010,480,3,3,66.21
2011,490,2,2,141.74
2012,193,3,1,945.99
2013,685,1,2,4.13
2014,1094,3,1,60.58
2015,855,1,1,7.94
2016,995,3,1,127.04
2017,986,2,3,546.76
2018,961,1,2,10.54
2019,715,1,1,12.90
2020,341,1,3,33.10
2021,862,1,2,48.75
2022,94,2,1,335.39
2023,344,3,1,129.62
2024,409,1,2,3.32
2025,556,1,2,32.63
2026,1077,3,3,258.46
2027,19,1,2,47.99
2028,304,1,3,10.69
2029,1266,5,3,125.49
2030,546,3,3,267.52
2031,91,1,2,6.72
2032,1391,3,3,92.19
2033,1411,2,1,399.83
2034,498,3,3,142.59
2035,1122,3,1,136.43
2036,23,1,2,41.00
2037,67,3,2,36.66
2038,211,1,2,25.68
2039,297,1,3,41.66
2040,992,1,3,22.20
2041,954,4,1,907.64
2042,595,1,3,11.13
2043,1183,2,2,139.58
2044,1385,1,3,42.83
2045,281,4,2,2170.77
2046,964,1,2,18.56
2047,732,2,2,92.92
2048,472,1,1,44.87
2049,1186,1,3,47.47
2050,1196,4,1,374.92
2051,1435,1,3,29.18
2052,272,1,2,36.36
2053,95,1,3,22.14
2054,1342,1,3,23.42
2055,163,1,1,29.93
2056,1290,3,1,274.40
2057,905,4,1,1570.74
2058,1044,3,3,260.62
2059,123,1,2,32.46
2060,377,3,2,148.99
2061,488,2,2,363.39
2062,1114,3,2,146.03
2063,705,3,3,244.61
2064,507,1,2,34.87
2065,697,1,3,43.54
2066,373,1,2,15.59
2067,781,1,3,47.02
2068,349,3,3,244.94
2069,219,1,1,53.15
2070,1200,2,1,646.60
2071,350,2,3,518.77
2072,959,2,1,246.73
2073,1312,3,1,77.37
2074,1438,4,2,396.49
2075,1297,3,2,275.51
2076,751,1,1,23.19
2077,144,2,1,94.99
2078,477,1,3,30.21
2079,229,1,3,26.23
2080,70,1,3,46.77
2081,1147,1,1,45.01
2082,112,2,3,106.87
2083,63,6,1,66.57
2084,1437,2,3,493.17
2085,1165,1,3,48.20
2086,666,1,2,21.62
2087,504,3,1,246.82
2088,691,3,1,16.80
2089,1013,3,1,25.23
2090,402,3,3,222.84
2091,808,1,3,12.96
2092,379,1,1,40.86
2093,486,1,3,38.45
2094,637,3,1,130.04
2095,1268,3,2,24.76
2096,413,1,1,41.93
2097,626,1,2,22.65
2098,294,1,1,8.94
2099,14,1,2,29.62
2100,898,1,2,3.05
2101,534,1,1,35.51
2102,1111,1,3,48.51
2103,808,1,3,41.21
2104,831,1,1,54.60
2105,532,3,3,80.00
2106,131,1,2,19.63
2107,1264,1,3,28.33
2108,890,2,1,289.78
2109,494,3,2,278.00
2110,1325,3,2,467.53
2111,24,1,2,44.87
2112,130,1,1,13.77
2113,977,1,1,7.91
2114,1361,3,1,238.81
2115,1238,1,2,52.78
2116,791,4,2,1691.98
2117,1429,1,1,40.09
2118,1140,1,2,43.37
2119,826,3,3,169.75
2120,328,2,3,456.95
2121,1087,1,3,26.52
2122,824,4,2,1437.46
2123,516,3,2,713.59
2124,463,1,2,49.62
2125,94,4,1,1762.77
2126,1421,1,2,47.22
2127,1188,2,1,289.17
2128,1114,3,1,178.81
2129,1140,1,2,51.56
2130,1306,1,2,15.19
2131,1165,1,3,53.75
2132,1178,1,1,33.51
2133,1187,3,1,52.84
2134,789,1,2,45.08
2135,321,1,1,29.89
2136,463,1,1,11.47
2137,955,3,2,91.06
2138,876,6,1,73.40
2139,139,1,1,33.89
2140,1026,1,2,34.28
2141,711,1,3,27.16
2142,1115,1,2,14.05
2143,227,1,1,51.51
2144,1198,1,2,46.09
2145,1303,1,2,35.58
2146,821,1,3,7.65
2147,1351,4,3,714.82
2148,252,1,2,14.52
2149,1146,2,3,365.27
2150,829,4,1,1999.49
2151,622,2,2,359.02
2152,1132,3,1,119.62
2153,654,2,3,416.68
2154,758,1,1,28.31
2155,753,1,2,5.60
2156,600,1,2,27.70
2157,378,4,2,2068.72
2158,185,1,3,39.29
2159,541,2,2,257.34
2160,197,2,2,411.09
2161,1200,1,3,44.04
2162,1294,1,3,22.42
2163,907,2,2,144.74
2164,149,1,1,41.50
2165,130,2,2,139.62
2166,592,4,1,1470.07
2167,431,2,2,471.56
2168,877,3,2,54.20
2169,1442,1,3,54.75
2170,1289,1,2,29.88
2171,739,1,3,20.51
2172,829,3,3,223.40
2173,636,1,1,31.94
2174,1094,2,2,467.99
2175,1345,1,1,6.29
2176,1319,2,2,410.80
2177,148,1,1,37.46
2178,463,1,3,22.94
2179,780,1,2,33.73
2180,385,2,3,622.54
2181,1255,3,2,23.01
2182,1132,1,3,4.82
2183,1236,1,3,44.79
2184,12,3,1,153.38
2185,141,4,1,1997.46
2186,504,1,2,44.99
2187,532,2,1,393.88
2188,386,1,3,39.09
2189,1291,1,2,30.22
2190,452,3,1,104.28
2191,1044,4,3,1470.89
2192,984,1,1,54.08
2193,61,3,1,197.25
2194,126,1,2,48.85
2195,47,1,3,54.87
2196,177,2,1,454.44
2197,600,1,2,33.70
2198,898,3,1,295.36
2199,430,1,1,4.43
2200,1127,3,1,279.24
2201,53,1,2,29.28
2202,985,3,3,144.52
2203,1341,1,3,31.55
2204,790,1,2,21.37
2205,228,3,1,247.59
2206,597,1,2,54.87
2207,1137,1,1,15.46
2208,1209,1,3,35.75
2209,525,6,3,211.80
2210,324,1,1,26.48
2211,1270,1,1,21.88
2212,305,4,2,1324.85
2213,1216,2,1,323.32
2214,586,1,2,52.56
2215,1134,3,3,115.87
2216,1059,1,3,40.90
2217,893,2,2,605.97
2218,463,2,1,278.95
2219,239,3,2,207.83
2220,441,4,3,1131.74
2221,1057,1,2,23.15
2222,674,2,3,355.37
2223,865,3,1,290.65
2224,1131,1,2,34.79
2225,706,1,3,11.68
2226,255,1,3,19.19
2227,838,4,3,700.02
2228,203,2,2,466.54
2229,973,1,2,43.93
2230,533,1,3,33.20
2231,226,1,3,47.07
2232,1387,6,1,178.64
2233,242,1,2,46.55
2234,1386,1,3,29.86
2235,1244,1,3,40.02
2236,301,3,1,150.34
2237,842,1,1,48.04
2238,31,1,2,7.14
2239,954,1,2,13.62
2240,1369,2,3,299.51
2241,1152,4,1,501.69
2242,1211,4,2,711.39
2243,1361,3,1,310.19
2244,1029,3,1,105.07
2245,1417,3,2,126.59
2246,1256,3,3,223.98
2247,765,1,3,37.24
2248,1069,3,2,164.51
2249,826,3,2,168.64
2250,874,4,1,321.24
2251,1101,2,2,190.22
2252,305,3,1,1127.49
2253,119,6,2,74.20
2254,154,2,1,228.50
2255,55,3,1,146.89
2256,773,1,3,39.11
2257,975,3,1,161.77
2258,877,1,2,39.44
2259,1287,1,2,53.75
2260,1238,1,2,3.22
2261,835,1,2,36.13
2262,678,1,2,31.95
2263,1242,1,1,47.82
2264,15,2,3,352.96
2265,184,4,1,1293.81
2266,1179,2,2,231.95
2267,1015,1,2,27.20
2268,1238,1,2,18.55
2269,266,1,3,30.64
2270,23,1,2,51.03
2271,1079,2,3,302.42
2272,1249,1,3,25.26
2273,1086,4,1,1658.98
2274,1256,1,2,26.79
2275,1306,2,1,172.83
2276,445,3,3,180.92
2277,282,2,3,532.73
2278,1150,2,3,299.22
2279,1024,1,1,29.74
2280,317,5,2,137.67
2281,366,1,2,44.85
2282,1076,1,1,34.31
2283,250,2,3,413.14
2284,1348,1,2,46.35
2285,1402,3,1,152.41
2286,29,1,2,35.68
2287,1444,1,2,17.20
2288,536,1,1,43.19
2289,30,3,3,152.85
2290,1427,2,3,211.86
2291,1319,1,2,4.63
2292,884,3,1,88.55
2293,240,1,1,15.94
2294,674,1,1,20.23
2295,12,2,2,108.51
2296,446,2,3,352.81
2297,286,3,3,204.42
2298,19,1,2,17.31
2299,563,1,1,11.94
2300,1117,3,1,20.99
2301,1356,1,1,53.38
2302,316,1,2,20.39
2303,1208,1,1,28.96
2304,911,1,1,54.86
2305,392,2,2,178.25
2306,762,1,1,37.92
2307,1270,1,3,14.54
2308,135,3,1,171.36
2309,1152,1,1,6.41
2310,944,1,1,43.62
2311,1205,2,3,494.87
2312,1312,1,3,49.60
2313,383,1,2,51.04
2314,1279,1,3,39.23
2315,854,1,2,43.96
2316,1185,2,3,87.92
2317,737,1,3,44.64
2318,1441,2,1,610.98
2319,531,2,1,327.33
2320,1458,1,1,29.45
2321,854,1,2,32.84
2322,852,1,2,20.53
2323,1106,1,1,50.94
2324,144,1,1,49.31
2325,941,3,1,567.97
2326,990,3,3,173.46
2327,947,1,2,11.87
2328,198,3,3,85.75
2329,345,1,2,29.58
2330,91,1,1,36.41
2331,1269,1,1,54.57
2332,831,3,3,263.20
2333,387,3,3,129.74
2334,845,2,2,377.40
2335,510,1,3,44.06
2336,838,1,2,48.66
2337,642,1,1,6.31
2338,703,1,1,35.55
2339,1426,1,1,8.98
2340,754,1,1,40.11
2341,936,1,2,6.82
2342,516,1,2,26.20
2343,1283,1,2,48.20
2344,618,3,3,97.30
2345,506,1,3,27.76
2346,367,1,3,40.93
2347,207,1,1,54.29
2348,828,2,2,237.62
2349,1412,2,3,124.75
2350,899,2,3,146.36
2351,428,1,3,14.40
2352,774,6,2,54.06
2353,601,1,3,6.83
2354,967,3,2,353.43
2355,1183,2,2,173.36
2356,1012,3,3,25.99
2357,1119,1,3,42.59
2358,1041,3,1,46.78
2359,406,1,2,15.15
2360,37,3,1,153.18
2361,1097,3,1,348.28
2362,1337,1,1,38.06
2363,391,1,3,50.30
2364,1252,2,1,124.12
2365,142,1,2,51.95
2366,744,6,2,151.53
2367,1348,1,2,51.92
2368,1093,3,1,131.73
2369,48,1,2,3.18
2370,1456,1,3,49.86
2371,375,1,2,20.10
2372,1282,5,2,36.99
2373,278,1,2,22.00
2374,558,1,3,38.22
2375,1219,1,2,49.62
2376,683,1,2,16.13
2377,151,2,3,572.25
2378,1458,2,3,261.37
2379,1241,1,1,31.62
2380,929,2,2,299.69
2381,396,1,3,8.08
2382,403,3,2,75.36
2383,776,4,2,1074.47
2384,271,1,2,3.08
2385,897,5,3,256.64
2386,958,3,3,152.31
2387,82,2,1,293.11
2388,1313,1,1,15.60
2389,173,3,1,157.20
2390,1077,1,1,18.51
2391,1261,2,1,543.35
2392,992,1,3,32.88
2393,61,1,1,19.69
2394,1078,1,1,30.75
2395,261,3,1,564.12
2396,1279,3,3,273.12
2397,621,1,2,43.18
2398,811,1,2,19.77
2399,456,1,1,39.55
2400,461,2,3,438.93
2401,167,1,3,15.96
2402,1078,1,2,7.44
2403,304,6,2,190.62
2404,745,2,2,493.24
2405,807,2,2,254.58
2406,427,3,2,141.39
2407,583,2,2,126.49
2408,168,1,2,50.70
2409,1049,3,3,17.46
2410,883,1,2,5.93
2411,427,4,2,565.82
2412,921,1,2,54.18
2413,1189,1,3,46.09
2414,258,1,3,53.10
2415,697,1,2,23.37
2416,939,2,3,103.38
2417,258,2,1,545.98
2418,131,3,2,1148.80
2419,1002,3,1,55.43
2420,518,1,1,49.80
2421,703,1,3,8.82
2422,247,6,1,150.09
2423,1438,3,2,272.04
2424,1022,6,3,154.96
2425,137,1,3,20.04
2426,902,1,1,17.35
2427,1376,2,2,285.11
2428,147,2,2,270.71
2429,83,1,3,53.95
2430,675,3,2,260.50
2431,487,2,3,188.88
2432,768,3,3,203.06
2433,247,1,1,27.86
2434,1037,1,3,41.06
2435,941,3,2,169.98
2436,1304,5,3,223.51
2437,380,1,3,18.85
2438,762,1,1,14.59
2439,1461,1,3,45.06
2440,211,1,3,54.41
2441,1010,2,1,380.66
2442,212,2,2,445.73
2443,575,1,2,13.52
2444,1038,1,3,35.67
2445,656,3,2,136.01
2446,550,2,2,140.50
2447,479,3,2,119.60
2448,272,1,3,46.91
2449,898,2,2,610.47
2450,1196,1,3,21.70
2451,1319,1,3,44.26
2452,336,1,2,38.71
2453,75,3,3,87.67
2454,416,1,3,22.73
2455,602,2,3,169.62
2456,218,2,3,582.52
2457,453,3,1,65.63
2458,570,1,2,39.42
2459,1330,3,2,54.17
2460,1303,1,3,7.16
2461,289,3,3,215.86
2462,883,4,3,1671.12
2463,124,1,3,6.05
2464,1125,2,1,205.86
2465,1330,1,3,44.17
2466,1437,1,1,34.83
2467,1430,1,3,36.52
2468,567,1,1,26.26
2469,18,2,3,209.70
2470,62,1,3,28.08
2471,845,1,2,13.03
2472,1031,2,3,636.78
2473,1210,1,3,43.08
2474,609,1,3,24.59
2475,1448,1,2,20.69
2476,899,1,3,35.97
2477,281,1,2,41.19
2478,814,1,1,18.39
2479,741,1,1,48.75
2480,1132,1,1,36.14
2481,1404,1,2,32.62
2482,907,3,2,59.38
2483,27,1,2,13.57
2484,779,1,1,28.58
2485,1356,1,1,15.27
2486,624,1,1,52.70
2487,1441,4,2,1733.67
2488,1001,1,3,9.30
2489,1296,1,1,15.52
2490,1267,1,1,10.43
2491,894,1,1,25.79
2492,435,1,3,46.49
2493,48,2,3,586.86
2494,1064,3,2,201.69
2495,611,1,2,44.95
2496,1043,1,1,12.43
2497,1009,2,3,542.10
2498,196,2,2,334.37
2499,236,1,1,19.70
2500,77,1,1,53.23
2501,828,1,1,17.01
2502,568,1,2,7.29
2503,380,1,1,5.00
2504,1138,1,2,51.91
2505,650,3,3,238.48
2506,202,2,2,307.91
2507,1142,1,2,26.14
2508,419,1,2,26.42
2509,593,1,2,27.75
2510,554,1,2,40.94
2511,540,1,2,5.91
2512,1329,3,3,227.77
2513,994,1,1,16.37
2514,1256,1,1,50.24
2515,1433,3,1,244.27
2516,119,1,3,4.40
2517,1298,1,2,43.71
2518,1000,1,3,46.78
2519,59,3,2,28.48
2520,849,1,1,51.55
2521,1231,1,2,34.18
2522,800,3,2,568.60
2523,1265,1,1,22.89
2524,768,1,1,53.14
2525,529,6,3,134.69
2526,264,3,3,97.99
2527,432,1,2,33.76
2528,608,2,2,476.00
2529,65,4,2,1025.80
2530,741,5,3,140.90
2531,1002,1,1,28.11
2532,475,3,2,32.10
2533,416,1,2,37.46
2534,1200,2,3,124.09
2535,418,1,1,20.69
2536,12,2,2,462.50
2537,1246,3,2,50.08
2538,1012,1,3,4.70
2539,1292,1,3,5.35
2540,661,1,2,31.07
2541,569,1,3,7.12
2542,230,1,3,41.78
2543,1379,1,2,38.12
2544,709,2,2,190.07
2545,845,1,1,19.08
2546,960,3,3,90.56
2547,321,1,2,30.77
2548,1050,1,3,18.52
2549,1072,3,2,219.75
2550,264,1,2,17.23
2551,444,1,3,27.63
2552,111,5,2,140.02
2553,986,2,2,649.98
2554,1368,4,2,905.23
2555,645,1,1,17.55
2556,1023,3,3,277.23
2557,463,1,2,33.37
2558,400,1,1,50.31
2559,873,3,1,712.05
2560,1358,2,2,140.83
2561,754,1,3,22.86
2562,1016,1,2,27.73
2563,519,2,3,442.35
2564,1303,1,1,48.76
2565,367,1,3,30.67
2566,811,2,2,374.90
2567,1304,3,2,130.69
2568,1013,3,2,218.02
2569,360,1,2,25.95
2570,490,3,3,271.99
2571,8,3,3,244.18
2572,829,3,1,195.94
2573,822,3,3,112.18
2574,509,2,1,542.53
2575,1299,1,2,11.32
2576,205,3,3,220.05
2577,752,1,1,27.55
2578,717,1,2,25.31
2579,1342,3,2,230.16
2580,815,3,1,127.25
2581,1148,1,2,4.10
2582,1344,1,3,23.53
2583,310,1,2,37.93
2584,1251,1,2,49.81
2585,1160,3,3,246.13
2586,214,1,2,3.77
2587,145,1,1,3.17
2588,1212,1,1,11.03
2589,1385,1,2,16.87
2590,1008,1,1,42.28
2591,793,2,3,450.93
2592,440,4,2,664.41
2593,841,1,3,38.93
2594,105,1,3,36.82
2595,242,1,3,7.84
2596,889,1,2,18.18
2597,1350,1,2,39.36
2598,1078,2,3,182.06
2599,629,3,1,30.88
2600,755,1,1,32.81
2601,180,1,1,36.48
2602,756,6,1,217.88
2603,841,1,2,33.41
2604,284,5,1,38.14
2605,1263,2,1,287.77
2606,774,1,3,19.04
2607,57,3,3,23.70
2608,364,2,2,348.42
2609,1053,1,3,52.02
2610,449,3,2,110.47
2611,3,3,2,1053.72
2612,1397,1,1,34.47
2613,370,2,2,180.43
2614,423,1,2,9.53
2615,46,3,2,35.86
2616,131,3,3,92.16
2617,641,4,2,301.38
2618,44,1,1,37.70
2619,89,2,2,355.54
2620,874,4,1,1296.23
2621,823,1,2,51.66
2622,1086,4,2,1159.35
2623,168,1,2,21.21
2624,428,2,3,645.06
2625,377,1,2,37.94
2626,314,3,1,82.69
2627,164,1,2,7.75
2628,988,2,1,426.05
2629,104,6,2,195.24
2630,655,1,2,18.65
2631,90,3,1,279.08
2632,256,1,3,17.96
2633,819,1,2,18.77
2634,230,1,2,52.50
2635,1261,3,1,181.23
2636,1245,1,1,39.62
2637,946,1,1,20.67
2638,1139,1,3,26.98
2639,293,3,1,90.16
2640,182,1,3,17.70
2641,624,1,2,18.03
2642,271,1,3,9.31
2643,302,3,1,88.39
2644,1262,1,1,9.64
2645,204,3,2,77.84
2646,348,3,3,227.07
2647,1195,2,1,442.41
2648,1048,1,2,51.30
2649,1013,1,1,19.93
2650,1383,2,2,373.86
2651,1341,1,1,52.44
2652,267,1,2,26.02
2653,1380,1,1,13.00
2654,1226,2,1,252.50
2655,506,1,1,28.02
2656,1138,1,1,6.63
2657,279,1,1,14.55
2658,455,3,2,708.44
2659,921,1,2,31.02
2660,1370,1,2,5.69
2661,93,4,2,1065.90
2662,1049,2,2,245.93
2663,420,1,2,29.61
2664,1116,1,1,27.36
2665,1147,2,3,467.35
2666,968,3,2,201.31
2667,359,1,2,50.45
2668,306,4,3,1295.01
2669,992,3,3,1026.83
2670,160,1,2,24.75
2671,935,2,2,465.60
2672,695,1,1,49.91
2673,523,1,3,15.81
2674,1127,1,1,19.32
2675,678,3,3,204.80
2676,1274,1,1,41.65
2677,288,3,1,84.42
2678,888,3,3,203.43
2679,565,1,3,4.65
2680,549,3,3,260.09
2681,988,1,1,51.66
2682,138,4,2,1919.64
2683,207,1,2,35.41
2684,483,1,2,14.66
2685,802,3,3,273.17
2686,295,1,1,9.67
2687,1110,3,2,168.92
2688,1350,5,2,371.76
2689,82,2,2,157.73
2690,934,2,3,505.83
2691,1379,1,3,53.55
2692,1097,1,2,11.91
2693,59,2,3,507.56
2694,1020,1,2,28.63
2695,735,1,2,50.26
2696,1448,4,1,836.20
2697,506,1,3,29.67
2698,73,3,1,223.06
2699,604,1,3,20.04
2700,778,2,3,371.25
2701,867,1,3,29.32
2702,778,2,2,533.11
2703,656,1,1,34.52
2704,1122,1,3,27.32
2705,307,1,2,54.23
2706,340,2,2,455.20
2707,1256,4,2,420.70
2708,803,1,2,13.96
2709,343,1,2,3.76
2710,159,2,3,632.76
2711,316,1,2,42.94
2712,543,1,3,50.15
2713,305,1,1,54.27
2714,1271,1,2,11.95
2715,1133,3,1,245.25
2716,7,1,1,5.84
2717,837,3,1,263.17
2718,1103,1,3,52.33
2719,106,1,1,34.21
2720,297,1,3,51.69
2721,1219,2,3,368.76
2722,1286,5,3,337.47
2723,130,1,3,53.87
2724,85,2,3,436.88
2725,1062,1,1,24.92
2726,834,3,1,40.51
2727,676,1,3,25.49
2728,712,1,1,34.83
2729,1108,4,3,1017.40
2730,280,6,3,144.53
2731,626,1,2,43.98
2732,435,3,3,78.32
2733,360,1,2,49.31
2734,825,3,2,43.36
2735,897,1,1,18.56
2736,1008,2,2,111.29
2737,1385,1,1,46.05
2738,851,2,3,354.30
2739,1086,1,2,6.75
2740,1432,2,1,351.97
2741,1226,1,2,26.31
2742,640,1,3,11.22
2743,125,1,2,15.36
2744,22,2,2,196.55
2745,429,3,3,27.40
2746,1109,3,2,1078.91
2747,876,1,3,26.90
2748,405,3,2,947.69
2749,430,1,1,19.13
2750,615,1,2,22.01
2751,222,3,1,242.12
2752,577,3,3,200.90
2753,1286,3,1,90.85
2754,1101,3,1,272.75
2755,147,1,1,54.91
2756,484,1,1,5.06
2757,1059,4,3,1683.66
2758,175,1,1,43.27
2759,1350,1,3,6.80
2760,104,1,2,12.76
2761,1027,1,1,53.59
2762,396,4,2,1513.99
2763,963,3,1,101.06
2764,73,3,2,1021.88
2765,16,2,3,538.01
2766,723,4,3,632.49
2767,1307,1,3,22.43
2768,101,1,2,52.14
2769,1031,1,3,25.90
2770,376,1,1,30.98
2771,1408,1,3,50.07
2772,1007,3,1,264.99
2773,500,1,2,48.98
2774,744,1,3,50.29
2775,738,1,1,49.47
2776,533,2,1,206.60
2777,733,1,1,15.36
2778,192,3,2,616.62
2779,671,4,3,1659.44
2780,1252,3,2,198.45
2781,218,5,3,77.65
2782,1287,3,3,1123.32
2783,789,2,1,88.04
2784,406,1,2,52.22
2785,1263,1,3,29.91
2786,159,3,2,241.07
2787,595,1,1,44.32
2788,1153,2,2,551.73
2789,474,3,1,234.96
2790,171,2,3,453.85
2791,524,3,2,134.48
2792,726,2,2,430.90
2793,524,1,1,11.04
2794,736,1,1,17.98
2795,564,1,2,6.26
2796,1065,1,1,16.79
2797,261,3,2,149.52
2798,1367,1,1,45.76
2799,922,2,1,128.09
2800,1013,1,3,4.48
2801,317,1,3,37.30
2802,510,1,1,11.87
2803,281,1,2,32.81
2804,133,2,3,424.04
2805,918,1,3,6.09
2806,1272,2,3,91.01
2807,606,3,3,240.74
2808,901,1,3,42.00
2809,700,1,3,5.99
2810,501,1,1,36.23
2811,1275,4,1,2180.64
2812,1149,2,3,287.61
2813,678,2,3,496.11
2814,827,1,1,20.48
2815,347,1,1,18.34
2816,748,2,2,368.71
2817,837,1,3,5.48
2818,706,3,3,206.43
2819,1167,1,2,52.02
2820,965,1,3,49.14
2821,457,1,3,15.84
2822,296,1,2,13.83
2823,144,3,2,21.14
2824,981,3,3,150.78
2825,595,3,2,239.41
2826,588,2,2,634.49
2827,1289,1,3,7.05
2828,1038,5,1,245.15
2829,482,1,1,21.41
2830,1356,1,1,20.03
2831,1088,3,1,70.04
2832,1124,1,3,43.85
2833,1211,2,2,149.29
2834,711,1,3,10.69
2835,351,1,3,34.85
2836,1024,2,3,605.22
2837,695,2,2,228.69
2838,1132,1,1,7.82
2839,1047,3,2,157.95
2840,796,1,3,37.55
2841,399,1,1,11.97
2842,1112,1,3,3.55
2843,16,1,1,27.40
2844,576,2,2,516.73
2845,18,1,1,15.28
2846,102,3,2,198.81
2847,125,1,2,25.24
2848,253,3,3,267.46
2849,600,1,2,32.41
2850,1128,4,3,1003.07
2851,571,1,2,29.30
2852,168,2,3,483.44
2853,972,3,1,266.46
2854,185,1,2,38.80
2855,137,4,2,1946.68
2856,853,1,3,16.72
2857,1308,1,2,33.51
2858,716,4,1,605.43
2859,978,1,1,32.01
2860,588,3,1,151.62
2861,249,1,3,13.99
2862,464,1,3,13.34
2863,1107,3,1,379.04
2864,12,6,1,195.47
2865,1200,1,1,5.96
2866,255,1,3,52.88
2867,601,1,1,25.38
2868,362,2,2,423.99
2869,271,1,1,18.39
2870,808,1,1,20.47
2871,673,1,3,10.91
2872,1255,2,2,85.84
2873,178,1,3,38.89
2874,858,3,2,206.31
2875,213,1,2,35.08
2876,666,1,1,23.80
2877,1064,3,2,293.50
2878,790,1,3,47.68
2879,837,1,2,40.55
2880,365,6,1,118.66
2881,874,2,3,125.09
2882,1368,1,3,6.27
2883,1255,1,2,34.28
2884,413,4,2,2107.98
2885,1064,1,1,16.10
2886,424,3,1,58.80
2887,1199,1,1,9.11
2888,398,3,2,85.84
2889,277,1,1,44.74
2890,126,1,1,8.40
2891,1009,1,3,42.23
2892,396,1,1,10.78
2893,793,1,3,25.54
2894,839,3,2,186.51
2895,252,1,2,10.42
2896,578,1,2,22.89
2897,784,3,3,263.26
2898,42,2,2,437.12
2899,921,3,3,136.15
2900,260,1,3,41.15
2901,1089,1,3,4.96
2902,47,1,1,30.65
2903,1255,3,3,167.91
2904,1395,1,2,30.49
2905,382,2,1,503.64
2906,366,1,2,6.68
2907,130,4,1,2052.63
2908,813,1,3,32.09
2909,65,2,3,88.59
2910,543,1,1,12.59
2911,350,1,2,4.22
2912,298,1,3,33.39
2913,976,3,3,100.01
2914,1087,1,1,37.71
2915,983,1,3,42.43
2916,596,1,1,14.64
2917,61,1,1,10.66
2918,1289,1,3,15.81
2919,685,1,3,11.09
2920,74,6,1,125.73
2921,887,1,3,18.80
2922,423,3,1,150.49
2923,676,3,3,187.93
2924,1349,1,2,44.73
2925,1343,2,2,461.50
2926,1420,1,3,15.70
2927,1213,3,2,234.30
2928,125,1,3,23.94
2929,627,1,1,22.43
2930,758,3,3,52.16
2931,894,2,2,428.14
2932,579,3,2,1187.59
2933,1060,3,1,478.07
2934,998,1,1,19.72
2935,1298,1,3,37.98
2936,194,1,3,16.65
2937,371,3,3,48.90
2938,849,1,3,26.58
2939,933,2,3,112.15
2940,915,1,2,10.31
2941,1133,1,3,5.54
2942,412,1,1,40.71
2943,1052,3,3,111.05
2944,1273,1,3,24.22
2945,923,2,1,310.55
2946,246,1,2,45.71
2947,1306,1,1,22.51
2948,826,2,1,397.50
2949,23,2,2,449.47
2950,335,1,1,53.20
2951,562,1,1,36.68
2952,1386,1,2,16.04
2953,325,1,2,10.79
2954,871,1,2,4.44
2955,993,1,3,21.59
2956,293,1,2,14.21
2957,552,1,3,25.95
2958,1423,3,2,82.22
2959,581,1,3,39.33
2960,265,1,1,18.63
2961,101,1,2,7.02
2962,275,1,3,37.79
2963,850,1,3,4.39
2964,728,1,1,14.67
2965,1001,2,2,129.16
2966,751,1,1,51.82
2967,634,3,2,93.93
2968,1191,1,1,9.11
2969,1294,1,2,17.38
2970,1451,2,1,318.77
2971,766,2,2,129.21
2972,492,1,2,43.63
2973,894,4,3,937.84
2974,990,6,1,225.32
2975,1097,1,1,23.75
2976,1154,1,2,7.65
2977,4,1,2,28.17
2978,1043,2,1,517.30
2979,684,1,3,8.98
2980,1194,1,3,52.81
2981,1160,2,1,261.26
2982,2,1,1,20.54
2983,1166,3,3,132.29
2984,443,1,3,19.43
2985,664,2,1,120.92
2986,848,1,2,4.81
2987,766,4,3,356.84
2988,769,1,1,24.71
2989,1343,1,1,43.60
2990,1364,1,2,19.93
2991,265,4,1,855.60
2992,127,1,1,5.25
2993,446,4,1,560.40
2994,814,1,1,16.00
2995,1016,3,2,178.68
2996,619,1,1,25.72
2997,1257,6,3,249.20
2998,825,1,2,3.35
2999,278,2,2,424.15
3000,970,3,1,62.83
3001,666,1,1,43.63
3002,1350,3,1,184.72
3003,422,1,2,24.95
3004,787,1,1,38.31
3005,289,2,3,208.39
3006,629,3,3,77.82
3007,1082,1,3,30.64
3008,713,2,1,210.60
3009,496,1,3,54.94
3010,1415,1,1,10.10
3011,371,1,1,8.15
3012,1212,1,2,48.47
3013,1329,3,3,33.20
3014,1257,1,2,26.14
3015,148,1,3,35.68
3016,174,1,2,9.05
3017,1394,1,1,27.98
3018,1409,3,3,233.21
3019,1026,3,2,51.18
3020,845,1,1,32.13
3021,997,2,1,160.38
3022,322,1,1,43.04
3023,643,3,2,234.81
3024,643,1,1,10.45
3025,361,3,3,275.56
3026,297,1,3,24.05
3027,1441,3,2,205.94
3028,1111,3,3,218.35
3029,1202,1,1,24.60
3030,88,1,2,4.34
3031,487,3,2,220.29
3032,1364,1,3,54.49
3033,975,3,2,123.40
3034,616,1,3,53.51
3035,1180,4,3,1871.13
3036,477,1,2,8.58
3037,1168,2,1,372.50
3038,148,3,1,261.16
3039,1056,1,3,11.42
3040,59,1,3,44.91
3041,1003,1,1,50.22
3042,859,2,2,361.12
3043,1018,1,1,43.61
3044,142,2,3,570.31
3045,697,1,1,34.00
3046,100,5,3,74.32
3047,592,3,3,269.10
3048,1120,1,1,27.57
3049,804,3,2,88.29
3050,1174,2,2,195.17
3051,289,1,2,8.05
3052,521,1,3,31.82
3053,994,3,1,250.83
3054,495,2,3,636.47
3055,573,1,2,15.71
3056,1390,1,1,8.96
3057,152,1,2,15.53
3058,206,4,1,840.78
3059,712,2,3,279.99
3060,471,3,1,109.82
3061,1235,1,2,17.49
3062,447,1,3,38.09
3063,32,3,2,80.40
3064,513,1,1,23.98
3065,962,2,1,383.10
3066,1274,1,3,51.94
3067,285,3,1,167.47
3068,1335,2,3,496.26
3069,110,1,2,48.29
3070,133,1,1,27.64
3071,822,1,2,30.23
3072,404,1,2,19.68
3073,1311,1,3,19.87
3074,304,1,2,54.13
3075,1144,2,2,606.20
3076,1251,1,1,52.43
3077,498,3,3,55.41
3078,474,3,1,22.27
3079,1252,1,2,51.56
3080,295,3,2,248.51
3081,755,1,3,41.03
3082,539,1,1,15.04
3083,1322,2,2,172.56
3084,1265,1,1,10.69
3085,287,3,1,183.11
3086,1008,2,3,137.39
3087,427,1,2,8.22
3088,911,1,1,13.04
3089,318,1,1,48.86
3090,972,1,3,20.87
3091,359,1,3,5.44
3092,1125,1,2,19.80
3093,1406,4,3,832.16
3094,1080,1,1,19.91
3095,619,1,3,28.27
3096,74,1,1,48.80
3097,239,2,2,526.36
3098,337,3,1,241.19
3099,75,2,2,176.31
3100,746,1,1,39.97
3101,1211,1,2,49.93
3102,1090,1,3,39.62
3103,733,1,3,48.83
3104,1298,1,1,48.66
3105,242,3,1,102.27
3106,1374,1,3,39.94
3107,365,1,2,47.10
3108,24,1,2,54.21
3109,1439,3,3,116.43
3110,1191,3,2,94.08
3111,1311,3,1,56.03
3112,1165,1,1,11.68
3113,1318,1,3,27.48
3114,979,1,3,39.80
3115,764,1,3,5.78
3116,1450,1,2,45.46
3117,512,2,2,375.64
3118,1063,3,2,141.67
3119,540,1,1,23.23
3120,130,1,2,24.73
3121,796,1,2,12.45
3122,54,1,2,54.20
3123,6,2,3,142.58
3124,602,1,3,38.95
3125,584,1,1,24.60
3126,1177,1,3,42.41
3127,92,3,1,72.97
3128,1445,4,2,1275.71
3129,69,3,1,226.35
3130,1113,3,1,196.92
3131,677,3,3,224.67
3132,1384,1,3,47.36
3133,215,1,1,49.82
3134,53,2,1,451.75
3135,643,1,2,23.19
3136,1366,4,3,856.72
3137,712,1,1,26.50
3138,1219,2,2,397.19
3139,744,1,3,34.75
3140,1119,1,2,4.63
3141,1439,1,3,52.66
3142,577,2,2,603.06
3143,1143,1,1,39.49
3144,518,1,3,50.97
3145,725,1,3,26.62
3146,665,2,2,276.52
3147,897,3,3,140.75
3148,796,3,1,16.80
3149,370,3,1,911.93
3150,857,1,3,26.41
3151,1332,5,3,329.65
3152,1287,1,3,45.66
3153,961,1,1,20.99
3154,338,2,3,387.31
3155,1400,2,1,388.11
3156,1380,1,3,36.89
3157,786,1,3,25.15
3158,24,1,3,18.47
3159,346,3,2,945.84
3160,482,2,3,397.85
3161,739,2,2,318.96
3162,1421,2,1,492.25
3163,972,1,2,48.35
3164,1411,2,2,215.24
3165,1256,1,3,16.12
3166,1385,1,1,37.34
3167,1364,2,2,299.98
3168,921,1,2,20.75
3169,403,2,2,423.34
3170,616,3,1,258.67
3171,1220,3,3,164.70
3172,392,1,2,3.78
3173,258,1,2,38.71
3174,267,1,1,54.91
3175,611,1,1,37.98
3176,285,1,3,29.63
3177,372,3,3,227.71
3178,1006,1,3,49.86
3179,656,3,2,76.32
3180,92,1,1,4.54
3181,22,1,2,5.25
3182,70,1,1,51.20
3183,125,1,1,35.49
3184,483,1,2,7.31
3185,646,3,1,58.26
3186,728,2,2,245.16
3187,511,1,3,49.62
3188,22,3,1,129.49
3189,773,1,2,48.58
3190,108,1,1,35.35
3191,739,1,3,45.02
3192,1229,3,3,284.10
3193,671,3,2,184.68
3194,180,1,3,45.32
3195,1172,3,3,1150.68
3196,961,3,1,104.49
3197,1196,2,3,97.39
3198,420,3,1,277.15
3199,624,2,3,241.52
3200,1240,1,2,32.08
3201,271,1,3,46.89
3202,610,1,2,47.58
3203,234,1,3,32.86
3204,868,3,1,298.90
3205,739,3,2,159.19
3206,427,1,2,51.14
3207,590,1,3,16.66
3208,651,1,2,10.33
3209,160,4,3,1338.56
3210,721,1,3,50.12
3211,1413,1,2,47.03
3212,994,1,2,18.08
3213,426,3,1,193.29
3214,1421,5,1,187.42
3215,731,3,2,172.34
3216,758,1,2,26.08
3217,1013,1,1,34.61
3218,1201,1,3,26.51
3219,112,1,1,46.89
3220,104,3,3,553.18
3221,818,1,3,11.07
3222,1399,1,3,23.30
3223,287,1,2,25.92
3224,514,1,3,53.09
3225,916,3,2,240.88
3226,971,3,1,108.69
3227,1118,3,2,949.45
3228,823,3,2,91.45
3229,270,1,3,46.41
3230,39,1,2,21.97
3231,878,2,3,301.21
3232,1299,3,2,198.70
3233,609,2,1,169.39
3234,150,3,2,146.95
3235,301,3,3,184.31
3236,1194,4,1,827.89
3237,1056,1,2,38.29
3238,666,1,1,53.15
3239,249,1,2,15.35
3240,1172,1,2,51.62
3241,219,3,1,714.39
3242,294,3,1,216.86
3243,278,1,3,44.37
3244,316,1,1,44.68
3245,793,3,1,279.52
3246,403,2,3,181.92
3247,1049,2,2,250.07
3248,1286,1,3,5.54
3249,751,2,3,354.99
3250,190,1,1,18.47
3251,1021,4,1,2067.78
3252,839,1,2,21.98
3253,215,3,2,71.59
3254,276,4,3,2165.32
3255,185,2,2,548.85
3256,1349,3,2,237.79
3257,945,1,3,42.73
3258,835,1,3,47.52
3259,1310,3,1,276.52
3260,1104,2,2,184.89
3261,1046,1,1,49.29
3262,333,3,2,251.23
3263,734,3,3,83.33
3264,1373,2,1,369.02
3265,928,3,3,168.03
3266,930,3,3,299.33
3267,892,1,3,52.28
3268,971,1,3,43.97
3269,1409,1,1,52.64
3270,1227,1,3,42.12
3271,532,1,2,41.94
3272,157,1,2,44.09
3273,325,3,2,79.34
3274,508,1,1,21.52
3275,48,3,3,86.09
3276,567,1,3,47.87
3277,175,1,2,13.78
3278,1119,1,1,53.99
3279,945,1,3,7.86
3280,258,4,2,1184.60
3281,1422,1,3,43.36
3282,940,1,1,4.13
3283,154,1,3,21.21
3284,684,2,1,491.00
3285,55,1,2,31.45
3286,703,5,3,119.57
3287,312,1,2,16.35
3288,579,4,2,1231.52
3289,993,1,2,17.47
3290,215,3,2,212.36
3291,1336,3,3,738.07
3292,1356,1,1,48.13
3293,477,3,1,274.08
3294,267,1,3,49.84
3295,408,1,2,16.09
3296,265,3,1,66.11
3297,1396,1,3,40.57
3298,1377,2,1,398.38
3299,706,1,2,37.23
3300,867,3,3,88.89
3301,189,3,3,73.36
3302,693,2,1,261.10
3303,294,1,2,39.07
3304,814,4,1,1375.60
3305,733,2,2,444.38
3306,1040,3,2,210.57
3307,1230,3,2,207.65
3308,701,1,2,34.57
3309,159,1,2,48.56
3310,876,1,3,50.47
3311,905,1,2,32.04
3312,1405,1,2,23.30
3313,1248,1,3,36.59
3314,1371,2,1,320.10
3315,97,1,3,53.88
3316,120,1,2,41.23
3317,343,1,2,18.79
3318,1084,1,1,42.31
3319,64,3,1,270.61
3320,1131,1,2,8.82
3321,1204,1,3,28.40
3322,344,2,3,363.00
3323,560,1,2,6.70
3324,1022,3,3,76.44
3325,1238,2,1,218.31
3326,930,3,1,49.51
3327,534,1,3,33.58
3328,623,1,2,27.91
3329,764,2,3,415.36
3330,882,2,3,300.69
3331,641,1,2,22.65
3332,1054,1,2,42.45
3333,355,2,1,395.80
3334,319,1,2,50.39
3335,1212,2,2,128.39
3336,1422,2,3,190.67
3337,1284,3,1,99.46
3338,1135,2,3,117.18
3339,774,1,1,41.65
3340,708,2,3,600.55
3341,503,1,2,45.09
3342,249,1,3,6.55
3343,988,3,1,650.64
3344,692,1,2,28.04
3345,1406,1,3,33.94
3346,742,1,3,27.08
3347,965,1,3,19.33
3348,119,1,1,32.76
3349,1315,2,1,188.44
3350,1081,2,3,91.66
3351,1342,1,1,48.32
3352,1166,1,3,4.21
3353,1193,3,3,386.63
3354,684,1,1,7.73
3355,266,3,1,46.49
3356,851,1,1,3.82
3357,899,3,1,231.34
3358,1190,1,3,17.91
3359,57,5,3,189.65
3360,246,1,1,21.39
3361,11,1,2,54.80
3362,687,3,2,287.10
3363,128,2,1,506.50
3364,670,3,3,156.45
3365,1184,2,3,459.24
3366,171,3,2,136.56
3367,1177,3,3,263.99
3368,72,1,3,29.25
3369,1078,3,1,101.51
3370,743,2,2,373.12
3371,62,2,3,540.04
3372,1368,1,2,31.81
3373,1365,3,3,172.64
3374,159,1,2,30.46
3375,1421,1,2,41.32
3376,320,3,3,246.15
3377,1067,1,3,5.83
3378,10,3,2,143.80
3379,57,3,3,28.84
3380,285,1,3,38.51
3381,1002,1,1,26.75
3382,671,3,1,42.39
3383,785,1,1,17.92
3384,1029,1,2,46.92
3385,717,2,3,118.96
3386,1286,1,2,44.74
3387,430,1,3,53.09
3388,15,2,2,580.82
3389,236,3,3,177.29
3390,261,2,3,174.50
3391,849,3,2,124.96
3392,193,1,1,15.10
3393,1380,1,3,29.51
3394,1221,1,2,33.47
3395,277,1,1,51.47
3396,90,2,2,351.39
3397,1251,3,2,242.34
3398,210,2,3,245.69
3399,632,4,1,1220.86
3400,1365,2,2,600.11
3401,1342,2,2,356.13
3402,31,1,3,10.55
3403,1299,1,2,43.81
3404,618,2,2,469.53
3405,197,2,2,250.20
3406,1128,1,2,30.52
3407,730,6,2,60.23
3408,882,1,2,41.75
3409,713,5,2,274.67
3410,1222,2,3,397.04
3411,1072,3,3,297.27
3412,396,1,1,47.69
3413,387,2,3,295.69
3414,1141,1,3,46.83
3415,541,2,2,302.29
3416,1325,2,1,165.38
3417,1368,1,1,35.59
3418,70,1,2,37.62
3419,315,1,3,4.18
3420,107,4,2,824.44
3421,1113,1,2,31.89
3422,767,1,2,53.24
3423,34,1,3,28.62
3424,684,1,2,53.42
3425,758,2,2,211.77
3426,1267,2,3,557.89
3427,393,1,3,7.00
3428,281,1,3,34.55
3429,331,1,1,29.01
3430,409,1,3,7.18
3431,799,2,1,524.43
3432,1171,1,1,23.87
3433,942,1,1,15.60
3434,192,1,2,46.10
3435,613,1,1,38.08
3436,384,1,2,34.54
3437,1153,1,1,11.05
3438,460,1,2,31.55
3439,293,3,3,138.06
3440,1422,1,3,39.39
3441,973,1,2,21.35
3442,568,1,3,41.75
3443,1367,2,1,171.15
3444,726,1,3,34.22
3445,767,5,3,37.79
3446,1419,1,2,27.50
3447,1375,4,2,807.21
3448,555,1,1,49.92
3449,283,1,2,4.54
3450,900,1,3,22.53
3451,638,1,2,32.00
3452,1109,3,1,202.04
3453,848,2,3,147.16
3454,478,2,2,419.21
3455,967,1,2,12.37
3456,473,1,2,3.67
3457,1407,1,2,51.19
3458,493,1,3,11.90
3459,726,1,3,22.90
3460,1176,1,3,5.45
3461,959,2,1,254.61
3462,1278,1,3,5.46
3463,565,1,3,39.90
3464,341,6,3,219.10
3465,536,2,1,306.79
3466,604,1,1,13.92
3467,312,3,1,78.63
3468,423,1,1,39.15
3469,907,3,3,313.73
3470,1368,4,1,1790.40
3471,1346,1,3,22.20
3472,45,1,2,12.74
3473,145,1,2,36.93
3474,935,2,2,442.27
3475,7,3,1,26.25
3476,694,1,1,43.64
3477,832,1,1,47.69
3478,217,2,2,156.43
3479,703,1,2,53.09
3480,860,3,2,202.86
3481,488,2,3,472.71
3482,1359,1,1,36.56
3483,1400,1,3,37.36
3484,153,3,3,246.16
3485,1191,1,1,30.84
3486,97,1,2,15.12
3487,415,1,2,46.88
3488,267,1,3,32.54
3489,1021,1,1,9.17
3490,1067,1,1,38.11
3491,708,5,1,331.35
3492,1371,4,1,1906.79
3493,1004,1,2,37.91
3494,708,1,2,5.37
3495,476,1,1,51.71
3496,1398,1,3,23.48
3497,779,1,2,50.09
3498,1071,1,3,13.53
3499,1359,3,1,70.85
3500,1289,3,2,237.40
3501,724,1,3,16.97
3502,874,3,3,273.67
3503,995,2,1,280.91
3504,224,1,3,41.73
3505,22,1,3,31.48
3506,1131,1,2,46.45
3507,30,1,2,8.89
3508,937,1,1,31.29
3509,438,1,3,45.55
3510,1002,1,2,11.25
3511,590,2,2,210.67
3512,870,1,3,14.49
3513,1301,3,1,231.38
3514,265,1,2,7.74
3515,209,2,3,178.33
3516,940,1,1,47.78
3517,1363,1,2,10.94
3518,396,6,2,142.53
3519,929,1,2,53.14
3520,636,1,2,35.33
3521,1166,1,3,47.03
3522,281,2,3,485.32
3523,881,1,3,4.56
3524,1450,1,3,31.39
3525,1003,1,3,23.19
3526,458,1,1,49.90
3527,1367,1,3,10.20
3528,834,1,2,51.44
3529,811,1,2,46.48
3530,146,3,1,250.80
3531,1320,2,3,494.61
3532,400,2,1,164.88
3533,357,1,1,43.99
3534,98,1,2,8.67
3535,399,1,1,47.64
3536,47,3,1,157.75
3537,871,1,3,15.45
3538,418,1,2,12.05
3539,1137,2,3,588.33
3540,2,2,3,170.18
3541,413,2,3,199.60
3542,20,3,2,126.89
3543,388,2,2,220.50
3544,652,1,2,48.96
3545,1350,1,3,32.18
3546,646,2,1,145.66
3547,1023,1,1,34.96
3548,861,2,1,461.71
3549,1240,1,3,23.63
3550,1006,1,3,41.54
3551,1115,1,2,12.92
3552,1087,3,1,188.96
3553,1242,3,3,26.90
3554,124,1,3,51.41
3555,1228,1,1,4.74
3556,1240,1,3,8.45
3557,811,1,2,29.01
3558,375,2,3,613.98
3559,1039,2,2,544.04
3560,1014,3,3,260.13
3561,534,4,3,1962.35
3562,270,3,3,80.70
3563,485,1,2,5.24
3564,1165,3,3,258.77
3565,195,2,3,637.78
3566,1375,2,3,597.03
3567,625,2,1,212.22
3568,1267,2,2,84.71
3569,175,1,3,18.20
3570,1090,1,2,33.52
3571,1342,1,3,28.37
3572,1370,3,2,260.95
3573,1291,1,3,26.62
3574,662,1,2,49.24
3575,1421,1,2,10.77
3576,657,1,2,52.76
3577,792,1,1,35.79
3578,761,1,2,7.43
3579,692,1,3,19.37
3580,494,1,2,23.24
3581,1297,2,2,318.01
3582,1414,1,1,26.37
3583,297,1,1,14.90
3584,422,1,1,34.87
3585,395,2,2,631.13
3586,1219,3,1,235.93
3587,1134,2,2,180.26
3588,1147,1,1,20.02
3589,467,1,3,43.21
3590,568,2,3,245.83
3591,316,1,3,28.75
3592,847,2,2,299.38
3593,167,3,2,280.55
3594,1186,1,2,28.59
3595,332,3,1,209.85
3596,157,1,1,24.18
3597,902,3,2,76.25
3598,120,1,2,12.02
3599,1426,1,3,23.38
3600,450,1,2,8.34
3601,348,1,2,14.50
3602,134,4,2,1850.76
3603,1387,1,2,20.94
3604,936,3,1,97.42
3605,1002,1,1,29.59
3606,581,1,3,12.08
3607,1165,5,3,240.15
3608,1450,1,1,15.14
3609,1134,1,2,40.94
3610,1289,3,1,112.43
3611,1188,1,3,52.10
3612,820,3,3,66.70
3613,231,1,2,13.78
3614,607,3,2,224.34
3615,328,3,2,575.25
3616,426,2,3,613.96
3617,281,1,1,12.73
3618,19,2,1,545.04
3619,203,3,3,561.51
3620,1132,1,1,20.97
3621,840,3,3,256.03
3622,967,1,3,17.08
3623,1256,1,1,53.30
3624,316,1,3,9.02
3625,813,1,1,24.28
3626,1460,1,1,14.90
3627,658,3,3,227.45
3628,396,2,2,414.64
3629,1143,1,2,49.72
3630,989,4,3,1433.05
3631,210,3,2,193.14
3632,1343,3,2,60.81
3633,1177,1,3,23.07
3634,420,2,3,357.33
3635,208,1,2,15.41
3636,167,2,3,425.90
3637,1251,1,1,6.36
3638,333,1,1,23.00
3639,764,1,2,40.72
3640,690,4,1,991.67
3641,465,3,2,68.51
3642,32,3,1,107.08
3643,1451,3,1,387.52
3644,342,1,3,41.79
3645,430,3,1,83.89
3646,574,3,1,197.71
3647,673,1,3,30.80
3648,580,3,2,181.25
3649,1006,1,3,27.47
3650,65,1,1,52.40
3651,117,3,1,66.10
3652,752,2,2,523.07
3653,417,3,1,120.70
3654,277,1,1,16.29
3655,439,3,3,155.61
3656,1239,4,2,1688.78
3657,1160,3,1,133.22
3658,580,3,3,292.55
3659,100,3,2,183.18
3660,956,3,1,298.08
3661,792,4,3,1245.34
3662,1461,1,3,52.15
3663,427,1,3,11.07
3664,262,3,3,174.77
3665,965,4,1,1142.13
3666,616,1,3,44.25
3667,1161,1,1,13.64
3668,713,4,3,2128.19
3669,666,1,2,45.52
3670,421,1,1,13.33
3671,455,3,2,240.15
3672,844,3,1,134.75
3673,732,1,1,5.98
3674,466,3,1,168.91
3675,1146,1,2,51.87
3676,842,1,2,12.93
3677,1338,1,3,5.38
3678,93,2,2,439.60
3679,997,1,1,53.64
3680,479,1,2,3.77
3681,60,1,2,3.32
3682,757,1,2,43.86
3683,1168,3,2,186.39
3684,1299,1,2,11.84
3685,240,1,3,48.58
3686,654,1,1,46.06
3687,651,4,2,642.31
3688,73,1,2,46.04
3689,83,1,3,13.81
3690,1086,1,3,48.84
3691,1241,1,2,12.75
3692,1351,1,3,20.31
3693,1434,4,2,2168.04
3694,805,3,3,116.88
3695,170,4,2,1281.97
3696,424,1,3,51.07
3697,763,3,1,194.19
3698,352,2,2,607.10
3699,524,3,3,77.72
3700,1251,1,3,29.16
3701,581,1,3,14.05
3702,1170,2,3,265.34
3703,998,2,3,581.63
3704,774,1,2,21.04
3705,121,3,1,251.64
3706,94,2,1,165.32
3707,1172,1,2,40.26
3708,482,1,3,3.05
3709,150,1,3,16.72
3710,1228,3,1,81.17
3711,1273,1,3,39.94
3712,215,1,3,23.49
3713,1153,2,2,218.71
3714,1198,2,2,286.10
3715,1402,5,2,297.57
3716,93,1,2,14.17
3717,305,1,1,35.21
3718,530,1,2,39.06
3719,464,1,1,9.68
3720,926,3,3,135.19
3721,59,3,3,191.84
3722,158,2,1,80.57
3723,1172,1,2,40.07
3724,889,1,3,11.71
3725,298,1,2,8.40
3726,1139,3,3,45.22
3727,202,3,1,221.50
3728,649,1,3,43.12
3729,1298,3,3,249.32
3730,263,1,2,35.95
3731,438,1,3,49.44
3732,1431,3,3,211.16
3733,761,2,2,254.18
3734,249,1,3,24.18
3735,216,1,3,44.78
3736,671,1,2,26.75
3737,158,1,2,30.34
3738,1446,1,1,17.86
3739,1229,2,2,94.50
3740,1042,3,2,169.34
3741,916,2,2,494.19
3742,389,1,1,39.59
3743,1396,2,3,306.87
3744,1300,2,3,324.54
3745,477,1,2,27.86
3746,995,2,3,204.75
3747,121,1,3,53.49
3748,427,4,1,1681.48
3749,1068,1,3,45.42
3750,1331,2,1,531.49
3751,649,1,2,54.27
3752,1397,3,3,113.25
3753,35,1,2,26.22
3754,1374,1,2,11.34
3755,701,2,3,249.39
3756,1113,2,1,645.31
3757,991,1,3,31.55
3758,381,2,3,304.18
3759,949,2,3,616.17
3760,647,1,1,46.06
3761,431,2,1,158.55
3762,1234,1,3,39.40
3763,1407,3,3,167.74
3764,100,2,2,271.99
3765,542,1,3,22.71
3766,512,3,3,132.96
3767,747,3,1,282.01
3768,142,1,2,53.03
3769,1437,3,2,111.60
3770,407,4,1,1371.74
3771,299,2,2,107.65
3772,688,1,2,21.11
3773,1326,1,1,8.21
3774,137,1,2,32.41
3775,1338,1,2,8.87
3776,178,4,3,2198.57
3777,307,1,1,32.46
3778,160,1,2,36.26
3779,886,1,3,23.63
3780,472,1,2,20.69
3781,1168,2,1,123.77
3782,966,3,2,200.56
3783,116,1,3,9.43
3784,1446,2,1,254.58
3785,796,1,1,36.73
3786,1211,1,2,11.70
3787,83,2,1,236.63
3788,657,1,2,43.45
3789,876,1,3,35.89
3790,392,1,2,9.79
3791,785,1,3,26.02
3792,1426,2,2,396.87
3793,1059,1,1,38.20
3794,807,3,1,24.67
3795,379,2,3,157.60
3796,272,2,2,520.77
3797,809,2,3,556.41
3798,674,6,2,54.81
3799,1033,1,3,42.00
3800,290,1,3,15.84
3801,83,1,2,29.52
3802,544,3,2,256.48
3803,546,2,2,293.60
3804,646,1,3,12.68
3805,549,3,1,94.59
3806,144,2,1,482.36
3807,210,1,3,12.55
3808,851,5,3,218.97
3809,993,4,1,1273.42
3810,522,2,3,342.05
3811,526,3,2,268.53
3812,869,3,3,143.97
3813,927,1,2,42.33
3814,342,1,1,35.64
3815,1453,3,1,15.15
3816,1020,1,2,9.06
3817,1107,1,2,49.54
3818,469,1,1,10.62
3819,856,2,3,589.96
3820,644,1,3,15.16
3821,44,1,1,22.11
3822,224,3,2,272.53
3823,889,2,3,346.04
3824,836,1,1,51.53
3825,350,2,3,582.07
3826,145,3,1,263.09
3827,739,5,1,371.33
3828,109,3,2,665.36
3829,479,1,1,40.48
3830,96,3,1,240.39
3831,461,1,2,36.55
3832,1045,1,2,11.70
3833,348,1,2,47.03
3834,1166,1,3,36.34
3835,534,3,2,252.56
3836,813,3,1,298.43
3837,138,1,1,40.34
3838,370,1,1,16.55
3839,1407,3,3,268.93
3840,835,1,2,13.98
3841,10,1,1,51.25
3842,1001,1,3,50.77
3843,494,3,3,145.78
3844,720,1,1,49.97
3845,1442,2,1,228.43
3846,283,1,1,53.37
3847,1191,5,3,213.67
3848,634,1,1,30.50
3849,842,3,2,47.73
3850,440,1,1,20.65
3851,1243,1,3,20.32
3852,597,1,2,31.79
3853,125,3,2,1140.47
3854,844,2,1,283.79
3855,593,1,3,15.02
3856,681,1,2,16.05
3857,886,3,3,286.93
3858,1181,1,1,35.81
3859,659,4,1,393.07
3860,669,4,1,1864.06
3861,602,2,3,614.10
3862,650,1,3,40.23
3863,1373,1,3,7.95
3864,675,1,1,27.73
3865,1325,2,3,391.75
3866,1099,1,2,19.31
3867,750,1,2,41.47
3868,838,2,2,248.82
3869,1444,3,1,249.64
3870,31,1,3,19.78
3871,71,3,3,51.31
3872,400,1,2,11.86
3873,1287,1,2,14.99
3874,391,1,2,25.17
3875,1400,1,3,49.13
3876,630,1,3,40.15
3877,1249,1,1,51.20
3878,978,2,1,112.08
3879,324,1,2,42.68
3880,1252,4,1,1532.91
3881,1379,1,2,23.00
3882,570,2,3,632.23
3883,376,1,1,36.55
3884,401,3,1,47.08
3885,792,1,3,32.48
3886,1023,1,3,32.09
3887,1150,4,2,1458.22
3888,1120,1,2,51.96
3889,884,3,2,284.49
3890,789,2,2,513.98
3891,1429,1,1,8.37
3892,278,1,1,4.87
3893,272,3,3,168.38
3894,564,1,2,31.53
3895,932,1,3,49.27
3896,259,1,2,26.79
3897,214,2,2,223.57
3898,415,3,1,875.98
3899,1387,2,2,225.07
3900,749,1,1,4.05
3901,151,2,1,440.18
3902,1415,1,2,20.69
3903,1296,1,1,36.88
3904,1312,5,2,39.34
3905,580,1,2,42.09
3906,458,3,1,206.91
3907,1235,1,3,15.21
3908,1440,1,1,36.57
3909,970,2,2,414.25
3910,398,2,3,366.86
3911,205,2,2,371.46
3912,260,3,3,72.09
3913,1041,4,3,1229.98
3914,803,1,2,44.59
3915,1266,3,2,15.56
3916,161,3,2,200.29
3917,498,3,3,247.95
3918,1182,4,3,365.85
3919,899,3,1,302.81
3920,338,1,3,16.18
3921,1239,3,1,180.72
3922,376,4,1,1889.60
3923,1318,3,2,178.63
3924,1161,1,1,13.03
3925,1003,1,1,8.82
3926,1330,2,2,93.37
3927,769,1,1,3.58
3928,264,3,2,246.96
3929,301,1,2,38.40
3930,588,1,1,36.50
3931,324,4,3,750.63
3932,25,1,1,41.45
3933,1403,1,3,49.19
3934,85,1,2,22.40
3935,724,1,1,7.03
3936,724,1,1,27.14
3937,1333,1,1,16.33
3938,1455,1,1,49.34
3939,505,1,3,51.32
3940,407,3,2,217.14
3941,825,3,1,75.36
3942,682,1,1,49.06
3943,1201,1,2,33.31
3944,62,1,2,23.73
3945,950,1,3,28.81
3946,156,2,1,119.79
3947,300,1,1,8.08
3948,966,1,3,39.17
3949,375,1,3,20.77
3950,828,2,2,219.68
3951,687,1,2,35.33
3952,429,6,1,232.63
3953,33,3,3,48.73
3954,904,1,1,42.56
3955,866,1,1,39.18
3956,800,3,3,63.12
3957,1058,1,2,12.97
3958,421,1,3,9.61
3959,1107,3,3,40.70
3960,1448,1,2,45.62
3961,284,1,3,36.23
3962,1061,1,3,22.54
3963,45,2,1,190.65
3964,137,2,2,505.14
3965,522,3,1,944.88
3966,912,5,2,38.17
3967,622,4,1,1014.84
3968,1301,1,3,23.50
3969,330,2,2,428.98
3970,510,1,1,29.39
3971,1346,2,3,226.88
3972,759,3,2,252.52
3973,809,1,2,6.47
3974,1188,2,3,297.33
3975,1179,4,3,995.18
3976,917,1,1,20.50
3977,268,1,2,52.15
3978,525,1,2,38.34
3979,111,2,1,149.45
3980,926,2,2,323.98
3981,505,1,2,11.24
3982,939,1,2,17.33
3983,668,3,3,208.51
3984,925,3,1,249.37
3985,284,1,2,6.86
3986,7,1,1,22.65
3987,1342,1,2,46.32
3988,372,1,3,35.35
3989,1336,1,2,54.67
3990,1114,1,2,22.92
3991,816,2,3,585.43
3992,124,1,1,23.03
3993,477,4,3,821.80
3994,520,1,3,37.60
3995,476,1,2,6.26
3996,1006,1,2,21.62
3997,474,3,1,113.37
3998,1341,1,3,24.97
3999,830,3,1,195.70
4000,909,2,3,167.98
4001,1081,3,2,76.57
4002,1198,3,3,261.78
4003,902,1,1,44.87
4004,799,3,2,657.35
4005,773,1,1,3.08
4006,534,4,2,563.27
4007,782,2,3,105.80
4008,321,4,3,1125.20
4009,514,1,1,45.48
4010,144,1,3,19.00
4011,275,1,2,3.88
4012,175,1,3,34.48
4013,128,1,2,54.91
4014,1035,3,3,134.51
4015,1259,2,1,309.12
4016,342,1,2,36.93
4017,669,1,3,19.70
4018,1262,1,3,15.40
4019,502,2,3,447.08
4020,184,1,2,17.58
4021,469,2,2,628.02
4022,1241,1,1,24.95
4023,31,1,2,39.97
4024,87,1,3,26.42
4025,1266,1,2,46.28
4026,644,1,2,42.99
4027,398,3,2,289.86
4028,578,3,3,152.14
4029,975,1,2,37.94
4030,1143,3,3,788.57
4031,478,3,2,146.97
4032,514,3,3,101.58
4033,948,1,2,41.43
4034,1287,1,1,20.43
4035,684,1,2,35.78
4036,763,3,3,287.37
4037,572,4,3,403.99
4038,179,1,2,18.20
4039,194,3,2,159.97
4040,333,1,3,38.50
4041,692,2,2,152.11
4042,343,5,1,301.65
4043,135,2,3,443.99
4044,1086,3,2,201.52
4045,592,2,1,276.81
4046,418,1,1,13.73
4047,520,1,1,23.13
4048,1240,1,3,36.21
4049,1328,1,1,9.65
4050,830,2,3,120.38
4051,918,4,2,1129.34
4052,855,1,2,47.46
4053,158,1,3,41.58
4054,625,2,2,221.09
4055,1259,1,2,32.50
4056,1110,1,3,26.01
4057,688,1,3,10.99
4058,635,1,3,37.59
4059,1178,1,3,13.42
4060,733,1,3,22.22
4061,1124,1,1,48.51
4062,143,1,3,34.68
4063,173,2,3,379.83
4064,1252,2,2,353.43
4065,612,2,2,337.92
4066,194,2,3,392.04
4067,374,3,1,266.96
4068,1125,1,1,50.23
4069,682,1,3,35.28
4070,1188,1,2,9.65
4071,173,1,3,19.08
4072,658,1,2,19.65
4073,341,1,1,7.62
4074,1155,2,2,591.22
4075,667,1,1,32.64
4076,1223,2,2,99.85
4077,1381,2,3,595.12
4078,770,3,1,40.44
4079,1045,1,3,28.34
4080,1101,3,3,71.67
4081,810,1,3,39.07
4082,1261,4,3,1583.44
4083,706,2,1,597.34
4084,1,2,2,639.37
4085,903,1,1,32.20
4086,90,2,2,490.34
4087,358,1,1,10.17
4088,610,1,2,36.18
4089,423,2,1,445.68
4090,789,1,1,29.26
4091,1449,1,3,42.08
4092,218,4,3,956.19
4093,507,1,2,18.64
4094,806,1,3,45.02
4095,404,5,1,127.51
4096,521,1,2,18.83
4097,712,5,1,95.50
4098,186,1,3,29.53
4099,1415,1,3,31.65
4100,865,3,1,177.50
4101,382,1,3,48.93
4102,502,1,2,17.57
4103,779,1,1,54.09
4104,1184,3,1,48.81
4105,592,4,1,1433.35
4106,835,2,2,231.38
4107,448,1,2,54.46
4108,294,2,2,518.29
4109,420,1,2,13.61
4110,1339,1,2,42.55
4111,353,1,2,25.82
4112,1014,1,2,49.58
4113,303,1,1,22.90
4114,841,2,3,502.49
4115,1395,3,3,225.70
4116,1215,1,1,48.18
4117,1129,3,1,164.36
4118,72,1,3,25.59
4119,156,1,2,19.29
4120,1015,1,1,39.20
4121,734,4,2,1556.60
4122,402,1,1,48.71
4123,856,1,1,23.41
4124,1191,1,1,40.58
4125,744,2,2,535.15
4126,1337,2,2,194.80
4127,782,1,2,48.51
4128,1300,2,3,85.54
4129,597,1,3,44.95
4130,1214,3,1,32.40
4131,904,1,1,35.81
4132,199,1,1,40.78
4133,926,2,2,123.11
4134,7,1,3,39.13
4135,901,2,1,460.55
4136,532,1,1,21.64
4137,20,3,3,33.89
4138,473,1,2,33.15
4139,589,1,3,49.89
4140,392,1,2,15.67
4141,437,1,3,36.70
4142,1221,2,1,233.56
4143,116,3,2,223.66
4144,338,1,3,43.49
4145,428,3,1,238.30
4146,484,1,2,19.50
4147,289,1,3,16.66
4148,1153,1,3,3.74
4149,337,1,3,28.78
4150,715,1,3,18.51
4151,525,1,1,41.06
4152,1262,3,2,292.35
4153,446,1,3,7.03
4154,573,1,3,39.78
4155,595,1,1,11.28
4156,497,3,3,284.82
4157,1215,3,2,82.55
4158,325,2,3,546.98
4159,540,1,1,30.55
4160,694,1,2,30.42
4161,1321,1,2,11.02
4162,1095,1,2,31.97
4163,1097,1,1,29.45
4164,760,4,1,1064.87
4165,1163,1,3,45.37
4166,452,2,1,170.35
4167,442,3,2,101.02
4168,1065,1,3,24.85
4169,900,1,3,37.54
4170,241,1,1,29.29
4171,1037,3,2,239.00
4172,368,3,3,112.23
4173,584,3,1,272.43
4174,477,3,2,529.67
4175,817,4,2,790.18
4176,166,1,2,29.55
4177,830,1,3,40.18
4178,1047,1,3,30.32
4179,705,1,1,21.74
4180,1150,3,1,356.58
4181,1307,1,2,5.99
4182,1072,3,2,196.37
4183,1106,1,3,42.67
4184,25,1,2,45.79
4185,1052,1,3,52.47
4186,363,1,3,31.71
4187,768,2,1,519.11
4188,1242,2,2,407.70
4189,821,6,3,160.37
4190,699,1,3,8.17
4191,1433,2,2,163.25
4192,1267,2,1,295.11
4193,54,3,3,270.24
4194,301,1,3,20.62
4195,42,3,3,153.70
4196,730,1,2,43.58
4197,296,2,1,468.58
4198,470,2,2,447.87
4199,705,2,2,546.76
4200,816,2,1,354.74
4201,561,2,1,464.94
4202,873,3,1,234.66
4203,641,3,3,57.71
4204,132,1,2,32.24
4205,777,1,1,45.42
4206,812,1,1,33.72
4207,461,2,1,615.52
4208,640,2,1,555.93
4209,1241,1,2,23.56
4210,1196,2,1,178.24
4211,458,1,3,13.81
4212,790,2,1,92.39
4213,711,1,1,13.59
4214,1155,1,3,38.31
4215,362,1,1,45.69
4216,1342,3,1,44.12
4217,740,2,3,418.70
4218,1033,1,1,39.08
4219,35,5,3,287.23
4220,1078,3,3,245.48
4221,691,3,3,116.68
4222,162,3,2,107.04
4223,1354,2,1,108.24
4224,1084,3,3,274.04
4225,1164,2,1,128.87
4226,1087,2,2,145.65
4227,134,3,3,986.82
4228,349,1,1,39.54
4229,210,1,2,4.90
4230,984,3,3,206.12
4231,741,1,3,5.58
4232,687,1,3,34.65
4233,1170,1,1,51.21
4234,952,1,2,29.04
4235,706,1,3,18.62
4236,591,3,2,33.27
4237,170,1,2,24.02
4238,315,2,1,594.50
4239,1398,2,3,636.26
4240,1276,1,3,25.77
4241,1046,6,2,125.30
4242,166,1,1,48.59
4243,450,1,1,15.71
4244,1412,3,1,143.54
4245,1402,2,2,483.63
4246,607,1,1,8.42
4247,792,1,1,36.73
4248,46,4,1,385.15
4249,387,1,1,27.74
4250,92,1,1,52.57
4251,31,1,1,50.25
4252,409,1,2,20.86
4253,706,2,3,272.44
4254,1055,1,1,3.61
4255,762,1,3,52.77
4256,980,3,3,35.87
4257,226,1,3,43.94
4258,973,1,1,3.79
4259,949,1,3,6.94
4260,6,2,3,314.05
4261,189,1,3,21.38
4262,1197,4,1,413.69
4263,981,1,3,6.53
4264,377,1,3,42.78
4265,942,1,3,26.70
4266,383,2,1,527.04
4267,1313,1,3,14.39
4268,800,2,3,323.52
4269,250,1,1,44.12
4270,386,4,1,2098.44
4271,544,1,1,34.81
4272,291,1,1,25.66
4273,138,1,3,5.57
4274,1023,3,1,276.17
4275,1436,3,3,279.69
4276,1217,1,3,28.48
4277,531,2,3,523.20
4278,1184,1,3,51.06
4279,223,1,2,10.49
4280,1184,1,2,12.62
4281,490,1,3,37.17
4282,281,4,2,2189.59
4283,206,2,3,426.88
4284,132,2,2,519.60
4285,967,1,2,46.30
4286,316,1,3,13.35
4287,1316,1,1,43.58
4288,295,1,3,26.27
4289,143,1,1,23.01
4290,322,4,3,1710.97
4291,660,1,3,4.76
4292,133,1,3,46.47
4293,457,1,3,37.32
4294,934,3,1,51.75
4295,1275,1,2,47.55
4296,1099,3,1,204.94
4297,418,1,2,54.64
4298,972,1,2,5.22
4299,377,2,1,485.22
4300,825,1,1,5.57
4301,38,1,2,25.49
4302,53,1,1,8.91
4303,1386,1,2,49.09
4304,811,1,3,53.98
4305,1243,1,1,10.26
4306,1366,3,2,285.53
4307,725,3,2,121.37
4308,1358,2,1,520.37
4309,622,3,2,144.21
4310,8,4,2,2104.13
4311,1274,3,3,282.55
4312,977,2,3,466.04
4313,960,1,2,22.42
4314,1184,6,2,172.33
4315,229,1,3,7.62
4316,1236,1,1,36.63
4317,902,3,2,971.55
4318,1222,2,2,176.29
4319,881,1,2,14.66
4320,649,3,2,166.21
4321,960,2,2,414.92
4322,404,1,1,14.71
4323,1142,1,2,5.55
4324,239,1,2,51.16
4325,888,1,3,47.50
4326,670,1,2,16.57
4327,1093,1,1,16.23
4328,1369,1,2,12.79
4329,990,1,3,47.11
4330,211,2,2,345.04
4331,451,2,2,476.90
4332,1165,2,2,86.42
4333,475,2,3,120.38
4334,798,2,3,104.94
4335,962,1,1,9.20
4336,1232,1,2,46.97
4337,1127,1,3,23.69
4338,1441,1,2,32.59
4339,5,1,2,41.41
4340,617,1,2,33.33
4341,169,1,3,52.03
4342,141,1,1,26.45
4343,128,1,3,30.74
4344,1227,2,3,135.31
4345,1459,1,3,42.38
4346,1347,3,1,1130.63
4347,1318,3,1,36.31
4348,111,1,2,6.87
4349,227,1,2,35.86
4350,732,2,1,232.34
4351,12,1,2,5.46
4352,733,2,2,80.49
4353,914,2,1,198.83
4354,1310,1,1,8.84
4355,280,1,1,3.63
4356,103,1,3,17.47
4357,748,1,1,13.61
4358,134,1,1,12.67
4359,1291,3,2,43.68
4360,747,1,3,44.66
4361,564,2,1,257.74
4362,682,3,1,106.52
4363,1161,2,2,199.86
4364,1270,1,3,30.43
4365,572,1,3,46.06
4366,272,1,1,5.66
4367,1202,1,1,40.24
4368,67,1,3,50.52
4369,671,1,3,44.13
4370,196,1,2,5.29
4371,1046,1,2,48.90
4372,489,6,2,64.55
4373,579,3,3,101.83
4374,577,1,3,53.00
4375,1458,1,1,12.44
4376,398,1,1,24.86
4377,936,1,2,44.96
4378,263,1,3,43.99
4379,692,1,3,11.11
4380,948,1,3,47.94
4381,238,3,1,289.96
4382,1115,1,2,15.42
4383,1294,4,1,357.58
4384,869,3,3,143.12
4385,76,1,2,50.24
4386,314,6,2,118.56
4387,1326,1,1,29.86
4388,680,2,1,618.61
4389,907,1,2,54.23
4390,505,1,2,25.68
4391,1416,1,1,40.10
4392,453,1,3,11.84
4393,396,1,2,37.20
4394,738,3,3,187.67
4395,569,3,1,111.33
4396,20,1,3,24.82
4397,116,3,2,80.92
4398,260,1,2,45.49
4399,901,1,1,24.41
4400,1021,2,2,178.89
4401,1140,2,1,543.82
4402,182,2,1,100.07
4403,609,1,3,49.90
4404,629,1,2,25.56
4405,42,3,2,269.26
4406,9,3,2,106.84
4407,1312,1,1,49.10
4408,471,2,2,274.88
4409,743,1,2,26.73
4410,1167,1,2,44.84
4411,972,3,1,184.63
4412,1093,1,3,29.73
4413,246,1,2,15.98
4414,725,1,3,43.25
4415,606,1,1,37.83
4416,595,1,1,4.11
4417,1214,2,1,243.41
4418,30,1,3,3.02
4419,911,3,2,214.52
4420,848,1,3,10.13
4421,935,4,2,1404.95
4422,484,2,1,444.82
4423,1081,1,3,46.16
4424,163,3,1,121.95
4425,1422,2,1,518.01
4426,952,4,1,2067.29
4427,480,2,3,332.01
4428,209,1,2,15.90
4429,480,1,3,38.50
4430,1014,1,3,16.69
4431,362,2,2,450.84
4432,243,2,2,521.67
4433,754,1,1,4.06
4434,475,1,2,45.03
4435,1063,2,1,635.76
4436,928,1,2,11.84
4437,1333,1,3,31.33
4438,117,6,1,145.92
4439,310,1,1,40.89
4440,51,2,1,450.43
4441,724,3,1,258.63
4442,234,1,3,34.32
4443,25,2,3,382.98
4444,1163,1,1,48.45
4445,881,2,1,136.68
4446,1029,3,3,178.60
4447,182,1,3,3.01
4448,973,2,1,255.71
4449,1029,3,1,99.81
4450,196,1,3,23.16
4451,85,1,1,20.61
4452,1059,1,3,4.41
4453,85,5,2,78.25
4454,1321,1,3,23.50
4455,664,1,2,18.44
4456,536,2,2,578.42
4457,966,1,2,10.36
4458,683,1,2,36.40
4459,810,4,3,1510.89
4460,532,3,1,55.30
4461,1022,1,3,6.25
4462,157,3,3,235.06
4463,596,1,1,38.13
4464,489,1,3,44.99
4465,576,1,2,42.71
4466,1120,1,2,35.92
4467,1359,2,1,212.50
4468,1191,3,1,77.76
4469,148,1,3,38.56
4470,1287,5,3,173.86
4471,1205,1,1,13.28
4472,1170,1,2,6.44
4473,1343,3,3,446.35
4474,574,2,3,157.82
4475,1081,1,2,19.19
4476,1230,5,1,106.85
4477,1244,3,1,44.62
4478,976,1,1,36.28
4479,904,1,3,21.19
4480,1361,2,2,499.94
4481,652,1,2,24.26
4482,1205,3,3,247.14
4483,636,3,1,171.40
4484,700,1,1,18.44
4485,386,4,3,1984.91
4486,624,3,1,265.90
4487,1446,1,3,27.88
4488,15,1,1,46.10
4489,138,3,3,77.08
4490,1424,1,2,25.20
4491,156,1,1,41.02
4492,1348,1,1,20.88
4493,146,1,1,45.91
4494,271,1,2,42.90
4495,1165,3,1,952.78
4496,1243,1,2,21.82
4497,288,2,2,541.29
4498,1020,1,2,5.67
4499,1349,1,3,24.68
4500,351,1,3,11.39
4501,93,3,3,210.60
4502,202,1,3,54.70
4503,932,1,2,5.40
4504,1009,1,2,21.32
4505,626,1,1,48.07
4506,1258,3,2,43.92
4507,120,2,3,350.76
4508,446,1,1,34.20
4509,429,2,1,239.60
4510,1195,3,3,60.59
4511,27,3,1,66.04
4512,1342,2,3,299.54
4513,643,1,3,38.92
4514,965,3,1,173.54
4515,1165,1,1,38.36
4516,506,2,3,647.04
4517,1160,3,1,296.54
4518,848,1,1,25.50
4519,826,1,2,46.76
4520,1009,1,2,47.96
4521,1296,4,3,1628.42
4522,669,2,1,473.56
4523,36,1,1,19.52
4524,338,1,3,41.37
4525,1338,2,2,377.81
4526,612,3,1,79.91
4527,1174,3,1,215.92
4528,1277,1,2,21.42
4529,1055,1,2,23.00
4530,710,1,3,33.64
4531,882,1,1,51.50
4532,817,2,2,236.46
4533,51,3,2,561.46
4534,493,3,2,36.71
4535,751,3,1,54.61
4536,1048,2,3,248.11
4537,171,2,1,341.48
4538,155,1,3,26.36
4539,468,3,2,89.58
4540,1276,1,1,19.45
4541,350,3,2,217.32
4542,134,3,3,105.52
4543,1034,3,2,178.44
4544,1081,1,2,49.43
4545,326,1,2,16.38
4546,1069,2,2,403.08
4547,740,1,1,42.75
4548,881,3,2,27.73
4549,207,1,1,28.07
4550,909,3,2,23.73
4551,1078,1,3,38.21
4552,1443,1,3,15.84
4553,157,2,1,439.24
4554,1145,1,3,44.26
4555,238,1,2,11.41
4556,846,4,2,1800.75
4557,342,2,2,100.26
4558,855,3,2,15.62
4559,92,2,1,518.29
4560,162,3,2,125.78
4561,1019,1,3,18.98
4562,740,2,3,515.15
4563,1403,1,1,29.54
4564,807,1,1,40.43
4565,112,1,1,11.38
4566,834,2,1,289.33
4567,1076,1,2,48.22
4568,407,4,1,1923.43
4569,1034,1,3,48.35
4570,1134,1,3,4.53
4571,1404,3,3,49.92
4572,614,3,1,207.91
4573,838,3,1,222.48
4574,800,4,3,1389.47
4575,803,1,1,21.08
4576,1138,1,3,19.36
4577,548,1,1,40.58
4578,705,2,3,295.04
4579,229,2,3,460.73
4580,1436,1,3,14.31
4581,1173,1,2,48.92
4582,1103,1,3,23.60
4583,266,1,1,34.22
4584,216,1,2,49.17
4585,1042,5,2,119.98
4586,1337,1,3,40.51
4587,825,1,3,34.35
4588,512,3,3,57.07
4589,1435,3,2,176.79
4590,1025,1,2,20.15
4591,96,2,3,137.54
4592,1096,1,1,36.52
4593,1195,3,2,208.00
4594,258,1,2,53.65
4595,954,4,3,1176.44
4596,264,2,2,168.29
4597,656,3,3,103.35
4598,925,6,1,248.33
4599,42,1,3,25.79
4600,632,1,2,45.29
4601,283,1,2,16.82
4602,486,1,2,39.94
4603,1157,1,2,7.08
4604,845,1,2,41.40
4605,666,1,3,7.91
4606,710,1,3,29.80
4607,1134,1,1,22.17
4608,783,1,3,34.30
4609,1145,3,2,198.63
4610,1097,2,3,603.28
4611,331,1,1,44.25
4612,1189,1,1,12.76
4613,642,1,3,40.13
4614,322,1,1,24.65
4615,926,1,3,32.90
4616,1428,1,3,27.68
4617,521,5,3,267.75
4618,660,1,1,16.32
4619,1405,1,1,16.40
4620,811,1,1,16.14
4621,573,1,1,38.05
4622,699,3,1,61.61
4623,41,4,2,956.50
4624,72,1,1,26.62
4625,411,1,3,28.19
4626,566,6,2,37.15
4627,715,1,3,12.85
4628,916,1,3,49.65
4629,133,3,1,249.56
4630,359,3,2,188.98
4631,248,1,3,3.40
4632,518,4,2,1754.46
4633,1433,1,3,13.20
4634,1405,1,1,44.35
4635,1295,2,3,155.96
4636,1459,1,3,38.14
4637,1275,3,2,97.30
4638,802,1,3,53.72
4639,724,1,1,13.13
4640,11,1,3,20.69
4641,166,3,1,41.92
4642,378,1,3,9.89
4643,56,1,3,32.48
4644,609,1,1,5.50
4645,241,1,3,32.66
4646,243,1,1,3.24
4647,529,2,1,632.54
4648,1029,1,2,54.73
4649,850,1,3,33.12
4650,860,2,3,324.43
4651,140,1,3,32.11
4652,1328,1,1,28.58
4653,1364,4,1,1853.94
4654,614,1,2,12.51
4655,208,1,2,37.09
4656,1318,1,3,29.39
4657,285,1,3,7.88
4658,848,1,1,21.18
4659,1058,2,1,260.38
4660,800,6,2,40.06
4661,689,2,1,564.47
4662,120,1,1,6.18
4663,1191,1,1,29.39
4664,1077,1,1,53.81
4665,832,4,2,636.65
4666,974,1,1,6.82
4667,148,1,2,14.26
4668,1072,3,2,192.24
4669,31,3,3,80.38
4670,1036,1,1,18.26
4671,95,1,2,45.92
4672,1169,2,3,508.92
4673,1376,1,3,4.45
4674,1126,2,1,303.45
4675,144,3,1,16.07
4676,684,3,1,156.85
4677,507,2,2,546.55
4678,1286,1,1,27.69
4679,45,2,1,238.80
4680,954,1,1,40.81
4681,66,1,2,20.04
4682,709,1,1,30.77
4683,1255,1,3,4.94
4684,1229,1,3,28.92
4685,1257,3,3,52.40
4686,242,3,2,195.44
4687,1176,2,2,632.99
4688,848,1,1,34.96
4689,548,2,3,451.31
4690,220,1,3,38.97
4691,881,1,1,29.76
4692,1346,1,3,8.98
4693,446,3,3,263.58
4694,822,4,1,1992.42
4695,277,1,2,29.56
4696,1293,1,1,52.71
4697,1166,3,3,1139.13
4698,885,4,1,1176.41
4699,1130,1,2,45.62
4700,1407,2,3,527.25
4701,588,3,2,277.99
4702,225,2,1,303.64
4703,375,3,1,285.32
4704,1240,1,2,51.11
4705,805,1,1,39.59
4706,1045,1,1,44.67
4707,557,1,2,46.08
4708,174,1,2,5.75
4709,864,1,2,29.50
4710,883,6,2,122.55
4711,301,3,2,248.75
4712,153,2,3,577.51
4713,1398,1,1,49.53
4714,936,3,2,118.16
4715,796,1,3,13.98
4716,427,1,1,38.61
4717,566,1,1,18.79
4718,705,2,1,547.52
4719,473,2,3,578.01
4720,627,3,2,280.27
4721,726,3,2,263.31
4722,955,1,3,13.59
4723,249,1,3,44.39
4724,1321,1,1,17.59
4725,677,1,2,19.29
4726,897,3,3,71.97
4727,232,6,3,243.93
4728,587,1,1,14.13
4729,418,1,3,8.52
4730,122,3,3,148.55
4731,1373,1,2,7.90
4732,3,3,3,133.63
4733,297,1,3,41.19
4734,118,1,1,28.18
4735,339,3,1,141.31
4736,1155,2,2,426.93
4737,1438,3,1,1012.66
4738,615,1,1,16.73
4739,293,1,1,6.59
4740,500,1,2,12.31
4741,1102,1,2,53.21
4742,1071,1,2,47.20
4743,853,3,2,139.75
4744,1074,1,2,44.74
4745,566,2,2,394.73
4746,1389,2,1,121.67
4747,102,3,2,189.07
4748,1353,1,3,54.71
4749,322,1,2,31.16
4750,745,2,2,604.71
4751,774,2,3,142.59
4752,1083,2,1,566.82
4753,1054,3,3,200.11
4754,260,1,1,48.59
4755,1001,1,3,25.43
4756,1197,1,3,27.16
4757,251,3,1,183.90
4758,617,1,3,21.57
4759,1260,2,2,366.84
4760,321,1,3,26.73
4761,594,1,2,37.16
4762,1403,1,1,12.45
4763,1281,1,3,5.31
4764,1160,1,3,33.35
4765,42,1,1,49.13
4766,857,2,3,426.88
4767,855,3,2,139.20
4768,1444,4,1,1191.54
4769,928,1,3,26.07
4770,1150,1,2,23.69
4771,651,1,2,45.76
4772,702,1,1,15.31
4773,698,2,2,391.90
4774,1347,1,2,25.78
4775,745,3,3,634.42
4776,756,4,3,950.07
4777,1128,3,2,238.07
4778,1068,2,1,621.78
4779,858,4,1,1697.05
4780,483,1,1,13.10
4781,1443,2,2,348.93
4782,311,1,2,32.94
4783,286,1,1,10.65
4784,238,1,3,19.84
4785,1212,1,2,6.12
4786,970,2,2,137.77
4787,954,3,2,55.30
4788,845,2,2,418.64
4789,769,1,3,12.92
4790,1281,1,1,9.76
4791,1083,3,3,266.63
4792,496,1,1,43.81
4793,69,4,3,404.35
4794,249,3,3,167.47
4795,1241,1,1,16.15
4796,910,3,3,178.23
4797,1232,1,1,25.28
4798,430,1,1,35.37
4799,530,1,1,3.09
4800,1068,2,1,177.29
4801,18,1,3,17.33
4802,826,1,3,35.31
4803,172,1,2,17.95
4804,1084,1,3,19.72
4805,1245,1,2,47.94
4806,267,3,2,283.49
4807,314,1,1,53.69
4808,69,2,3,293.41
4809,2,1,1,17.03
4810,937,1,2,40.19
4811,53,3,3,251.80
4812,1455,1,1,23.85
4813,46,1,1,13.25
4814,1134,2,3,600.08
4815,1321,3,2,124.62
4816,135,1,2,50.70
4817,542,1,2,40.36
4818,664,1,2,27.22
4819,19,3,1,126.32
4820,859,1,3,23.32
4821,1366,1,2,46.26
4822,389,4,2,1888.71
4823,868,3,2,65.41
4824,156,2,1,603.48
4825,567,5,1,185.26
4826,999,1,3,46.71
4827,253,1,3,35.15
4828,512,2,3,395.83
4829,1041,3,2,229.32
4830,884,1,2,12.78
4831,160,3,2,102.58
4832,301,3,2,260.75
4833,56,1,1,31.09
4834,301,1,2,36.39
4835,1156,2,2,312.66
4836,12,1,1,5.76
4837,1108,1,1,12.33
4838,148,1,3,22.30
4839,905,3,1,265.52
4840,1395,1,2,37.45
4841,1066,3,3,272.52
4842,1245,1,2,47.11
4843,551,1,2,41.27
4844,338,1,3,28.80
4845,1270,5,1,366.09
4846,286,3,3,169.18
4847,249,4,3,1351.51
4848,775,1,2,9.70
4849,873,1,1,44.15
4850,1206,1,3,30.97
4851,1298,1,2,37.49
4852,948,1,1,54.18
4853,1435,1,1,23.77
4854,1336,1,1,12.46
4855,728,1,1,30.40
4856,8,1,1,25.13
4857,1234,1,1,5.71
4858,600,1,2,10.73
4859,1153,1,3,25.87
4860,1057,1,2,14.79
4861,1029,2,2,581.51
4862,56,3,1,95.90
4863,73,3,2,250.35
4864,797,2,1,362.10
4865,1173,1,1,49.38
4866,1395,1,1,14.52
4867,1087,2,2,239.15
4868,251,3,2,55.30
4869,1416,1,3,48.29
4870,42,1,3,26.60
4871,660,1,3,43.47
4872,373,3,2,214.59
4873,971,1,1,39.90
4874,46,1,2,51.74
4875,1223,1,3,16.35
4876,710,3,1,38.65
4877,800,2,2,316.58
4878,32,2,2,338.97
4879,787,1,3,37.82
4880,899,1,3,50.49
4881,869,2,1,456.93
4882,1121,1,2,11.51
4883,420,3,3,87.84
4884,815,1,2,43.09
4885,459,2,3,92.93
4886,114,1,1,38.64
4887,1114,3,2,115.97
4888,227,1,3,12.87
4889,772,3,1,195.88
4890,976,3,3,192.73
4891,1275,2,1,324.51
4892,405,1,3,29.42
4893,211,3,2,164.42
4894,217,1,3,39.31
4895,317,1,1,40.22
4896,205,4,3,386.99
4897,913,1,1,21.89
4898,706,2,1,353.77
4899,459,1,1,19.23
4900,1344,1,3,30.14
4901,661,1,2,4.52
4902,838,1,1,33.33
4903,327,1,2,20.14
4904,719,1,2,32.03
4905,650,5,2,252.12
4906,201,1,2,28.50
4907,950,1,3,53.01
4908,583,1,2,3.70
4909,625,1,2,16.07
4910,875,1,1,8.94
4911,1008,1,1,28.24
4912,588,1,2,50.38
4913,680,1,3,42.27
4914,1460,2,1,488.82
4915,123,3,3,877.62
4916,707,2,1,175.45
4917,1206,1,3,35.23
4918,861,4,1,683.90
4919,1378,1,1,6.17
4920,659,1,1,9.99
4921,800,1,3,25.67
4922,86,2,1,646.75
4923,1172,1,3,35.22
4924,532,3,2,157.45
4925,56,1,3,32.25
4926,822,1,1,24.69
4927,532,1,1,44.20
4928,963,1,1,44.28
4929,1284,3,3,275.86
4930,186,1,2,11.66
4931,1026,1,1,43.55
4932,988,1,2,28.32
4933,66,3,3,120.52
4934,1109,2,2,463.94
4935,570,1,3,41.55
4936,32,1,2,43.88
4937,707,1,2,43.98
4938,156,2,3,137.44
4939,842,1,1,50.23
4940,1075,1,2,41.91
4941,590,3,1,64.61
4942,700,3,2,233.61
4943,31,1,3,46.72
4944,864,1,3,33.11
4945,394,3,3,756.49
4946,1148,3,2,74.83
4947,1040,2,2,432.52
4948,1171,3,1,52.82
4949,1167,3,1,277.86
4950,1074,1,3,8.17
4951,412,5,2,33.02
4952,1064,3,1,261.21
4953,600,1,3,9.07
4954,1226,1,1,9.68
4955,464,4,2,1338.57
4956,851,3,1,145.04
4957,38,4,3,1791.54
4958,1381,1,3,39.90
4959,315,6,1,80.11
4960,896,1,2,20.91
4961,320,3,2,292.56
4962,467,6,2,69.89
4963,463,1,1,11.82
4964,1020,1,1,11.24
4965,1372,4,1,319.30
4966,465,4,2,1125.42
4967,872,1,2,15.60
4968,9,1,2,54.55
4969,1409,1,3,21.64
4970,1133,1,3,47.30
4971,355,1,1,15.73
4972,808,1,2,26.58
4973,556,1,3,30.50
4974,1043,2,2,245.89
4975,600,1,1,38.49
4976,615,1,3,25.22
4977,299,3,1,113.61
4978,893,3,2,107.19
4979,1054,3,1,271.41
4980,1116,1,1,50.37
4981,872,1,1,13.63
4982,1283,2,2,569.73
4983,857,1,2,10.47
4984,273,1,1,12.54
4985,1053,1,3,50.61
4986,924,1,2,25.63
4987,1270,3,2,90.40
4988,492,1,2,51.54
4989,486,6,1,201.00
4990,316,4,1,968.81
4991,317,3,3,59.09
4992,410,5,3,370.97
4993,1278,2,2,203.92
4994,717,1,3,9.91
4995,1085,1,2,30.76
4996,362,1,1,34.98
4997,1350,3,2,250.60
4998,734,1,3,37.72
4999,560,2,3,627.43
5000,136,6,2,119.22
5001,758,1,1,38.02
5002,491,1,2,32.62
5003,522,1,2,6.96
5004,950,1,1,27.94
5005,380,1,3,52.92
5006,1059,3,2,188.79
5007,653,2,1,540.91
5008,589,1,2,19.18
5009,550,1,2,44.84
5010,492,2,3,81.15
5011,1085,3,3,53.70
5012,1270,1,2,16.37
5013,118,1,2,43.15
5014,406,1,2,13.95
5015,689,1,3,43.55
5016,746,3,2,186.77
5017,84,3,2,106.86
5018,1165,1,3,28.32
5019,1208,1,2,16.48
5020,603,3,2,155.72
5021,814,3,2,1005.86
5022,1431,1,3,32.86
5023,1295,3,1,299.53
5024,1024,3,3,85.62
5025,11,1,1,21.92
5026,666,2,2,606.05
5027,1187,6,3,113.93
5028,373,2,1,196.35
5029,1418,1,2,26.82
5030,669,1,1,3.10
5031,728,1,2,21.44
5032,1029,1,3,34.15
5033,545,2,2,272.98
5034,565,1,2,52.19
5035,403,2,3,178.10
5036,1262,3,3,204.75
5037,544,2,1,127.54
5038,300,1,1,22.67
5039,1132,1,2,38.70
5040,348,1,2,31.00
5041,626,2,1,188.71
5042,388,1,2,23.63
5043,417,1,2,53.88
5044,1396,2,3,556.73
5045,574,1,3,13.03
5046,767,1,2,43.78
5047,1347,1,2,4.85
5048,5,2,1,464.70
5049,699,3,1,64.51
5050,787,1,1,46.81
5051,871,1,1,54.94
5052,647,2,2,595.58
5053,421,1,1,16.49
5054,914,1,1,50.83
5055,1170,3,1,241.04
5056,1330,1,1,28.14
5057,197,1,1,15.25
5058,213,1,3,27.81
5059,1341,1,3,24.21
5060,38,1,3,45.46
5061,1077,1,3,15.45
5062,1345,5,1,231.81
5063,852,1,3,44.87
5064,7,1,3,22.08
5065,899,1,2,3.53
5066,97,2,1,130.56
5067,466,2,2,390.26
5068,249,2,1,556.69
5069,14,1,3,28.06
5070,482,3,3,20.13
5071,1044,2,3,218.82
5072,579,1,3,50.66
5073,241,2,1,578.36
5074,900,1,2,20.85
5075,713,1,3,29.36
5076,110,2,1,106.13
5077,352,1,2,19.89
5078,179,3,1,179.47
5079,880,1,2,18.34
5080,596,2,1,394.66
5081,192,3,3,212.54
5082,1354,1,3,34.84
5083,820,1,1,21.83
5084,957,2,2,174.79
5085,779,2,1,273.93
5086,1108,1,3,21.27
5087,71,1,2,30.92
5088,365,2,3,641.50
5089,903,1,2,36.19
5090,399,1,1,29.23
5091,818,3,1,264.32
5092,325,1,1,24.86
5093,1090,1,2,21.43
5094,1092,2,3,203.82
5095,1263,1,3,44.91
5096,663,3,1,35.63
5097,210,2,3,623.44
5098,101,2,3,86.16
5099,1273,1,2,11.12
5100,277,1,1,24.24
5101,603,3,2,279.77
5102,1314,3,2,245.14
5103,587,1,1,41.95
5104,751,1,3,9.60
5105,1440,2,2,482.04
5106,382,1,1,39.66
5107,1235,3,2,254.83
5108,1033,1,3,17.06
5109,400,1,2,13.78
5110,1088,1,3,11.51
5111,683,1,3,22.44
5112,794,1,1,52.66
5113,411,2,3,411.81
5114,607,3,1,207.72
5115,1145,2,1,373.73
5116,427,2,3,497.48
5117,418,1,3,31.45
5118,1212,3,2,568.06
5119,126,3,1,295.47
5120,642,3,3,68.02
5121,719,1,2,18.77
5122,25,4,3,1388.01
5123,1041,2,1,573.47
5124,514,1,2,9.75
5125,386,1,2,12.99
5126,1079,1,2,47.29
5127,1065,1,3,52.90
5128,816,3,1,700.46
5129,1088,1,3,26.77
5130,405,1,2,40.99
5131,1282,1,2,35.24
5132,609,4,3,725.60
5133,1246,1,2,54.15
5134,87,1,3,7.03
5135,604,3,3,109.70
5136,1058,2,2,421.72
5137,991,2,1,336.62
5138,139,3,3,257.66
5139,1162,1,1,54.10
5140,68,2,1,503.51
5141,1411,3,1,710.56
5142,108,1,3,3.76
5143,1309,1,2,42.00
5144,680,1,3,29.98
5145,919,1,1,54.27
5146,820,4,3,1209.40
5147,1049,1,3,12.06
5148,551,3,2,290.25
5149,1457,2,1,577.57
5150,1264,1,1,8.54
5151,501,1,1,22.11
5152,1060,1,1,11.66
5153,405,1,2,23.36
5154,1401,1,2,42.41
5155,849,1,3,35.11
5156,1414,4,3,876.49
5157,785,1,1,36.71
5158,1317,4,2,405.60
5159,617,1,2,44.71
5160,1042,2,3,96.97
5161,241,1,1,32.80
5162,623,3,2,204.61
5163,422,1,2,40.82
5164,887,3,1,218.91
5165,372,3,1,136.75
5166,379,1,2,25.48
5167,495,2,1,264.14
5168,407,3,2,210.93
5169,774,2,3,113.33
5170,347,1,2,9.87
5171,1413,1,1,30.81
5172,1423,1,3,25.08
5173,1035,1,2,3.01
5174,694,1,1,25.32
5175,813,2,2,502.17
5176,265,1,1,25.22
5177,253,1,1,50.49
5178,6,3,2,75.56
5179,1154,1,3,50.93
5180,280,1,3,17.52
5181,3,1,2,18.96
5182,767,3,3,203.22
5183,383,3,1,56.65
5184,690,1,1,22.40
5185,1321,1,3,6.34
5186,221,3,3,35.91
5187,153,1,1,52.54
5188,1237,1,3,12.60
5189,569,3,2,105.56
5190,13,1,1,19.56
5191,1456,1,3,19.77
5192,840,2,1,260.76
5193,404,2,3,379.04
5194,1076,1,3,4.64
5195,1141,1,3,20.84
5196,611,1,2,42.63
5197,269,1,3,35.30
5198,264,3,1,172.52
5199,619,2,3,441.23
5200,1250,3,3,68.68
5201,609,2,1,210.12
5202,13,1,3,37.15
5203,859,1,3,26.08
5204,874,1,3,17.51
5205,1172,1,2,18.07
5206,1091,1,3,19.36
5207,675,1,1,45.80
5208,738,6,1,112.14
5209,1095,1,3,17.12
5210,1416,3,2,230.26
5211,1302,3,3,296.26
5212,426,2,2,370.56
5213,415,3,3,250.31
5214,375,4,1,1682.09
5215,98,1,1,39.03
5216,690,3,1,175.26
5217,246,3,3,119.57
5218,392,1,1,8.97
5219,500,1,3,7.65
5220,1192,1,1,51.67
5221,1103,2,2,171.63
5222,917,2,3,448.62
5223,883,2,2,362.00
5224,661,1,3,10.85
5225,540,1,3,14.15
5226,713,1,2,46.72
5227,743,1,2,6.52
5228,1234,2,3,105.23
5229,1013,1,2,53.16
5230,1082,1,3,33.43
5231,422,1,1,50.58
5232,329,4,2,1300.53
5233,328,1,1,50.91
5234,456,1,2,32.06
5235,944,2,2,164.39
5236,791,1,1,33.67
5237,1232,2,3,265.20
5238,1390,1,1,7.93
5239,635,1,3,33.87
5240,150,1,3,52.76
5241,461,1,3,43.71
5242,661,1,2,54.43
5243,1306,1,2,6.90
5244,637,1,2,30.50
5245,608,1,2,18.35
5246,447,1,2,9.39
5247,681,1,1,29.35
5248,752,1,3,7.30
5249,654,2,2,410.27
5250,620,1,3,50.71
5251,644,2,3,323.58
5252,38,1,3,45.24
5253,285,1,2,20.59
5254,794,1,3,20.80
5255,433,3,2,120.84
5256,1070,1,3,53.57
5257,1134,1,3,26.06
5258,1430,1,3,13.27
5259,354,2,2,344.46
5260,302,2,2,521.01
5261,704,1,3,20.03
5262,1227,1,2,36.42
5263,211,1,3,39.97
5264,567,1,3,6.02
5265,45,1,3,30.28
5266,1160,1,2,12.95
5267,933,1,3,30.41
5268,1380,1,1,30.36
5269,1435,1,1,14.56
5270,638,3,3,246.34
5271,631,1,1,36.85
5272,143,1,3,17.06
5273,90,1,2,32.05
5274,953,1,3,19.77
5275,385,1,2,35.70
5276,741,3,2,210.64
5277,658,2,2,495.37
5278,482,2,1,577.57
5279,21,3,2,107.09
5280,1138,1,1,52.54
5281,74,1,1,11.95
5282,29,1,3,29.14
5283,1183,2,3,633.55
5284,1136,2,2,431.10
5285,337,3,2,274.45
5286,401,1,3,28.70
5287,1231,3,3,203.36
5288,1328,1,3,40.13
5289,1262,1,1,14.66
5290,302,3,1,59.84
5291,754,3,2,102.33
5292,1067,5,3,209.62
5293,149,4,2,1215.29
5294,547,1,2,48.46
5295,1156,1,2,20.90
5296,1457,1,1,44.30
5297,1237,1,1,4.47
5298,1143,1,1,47.08
5299,1175,2,2,254.61
5300,903,1,1,19.62
5301,1342,4,1,1282.59
5302,214,1,2,29.50
5303,614,1,2,21.24
5304,193,5,2,306.88
5305,1046,1,1,27.23
5306,163,3,1,273.24
5307,1315,2,3,469.99
5308,1375,2,1,434.77
5309,682,1,1,21.71
5310,425,1,2,37.94
5311,698,1,1,51.53
5312,40,1,2,23.87
5313,74,1,3,5.57
5314,63,1,2,23.50
5315,804,2,2,177.90
5316,473,3,2,81.40
5317,1124,2,2,487.77
5318,251,1,2,29.74
5319,366,1,2,39.26
5320,381,4,1,564.90
5321,1014,1,2,53.50
5322,37,4,1,493.96
5323,566,1,3,23.68
5324,577,1,1,23.10
5325,1011,1,3,3.02
5326,535,1,3,34.70
5327,1419,1,2,54.79
5328,1416,1,2,3.37
5329,782,1,2,9.51
5330,720,1,2,42.02
5331,1089,2,3,149.69
5332,55,1,3,26.67
5333,623,2,3,514.19
5334,803,3,1,246.50
5335,276,2,3,160.52
5336,1115,1,1,6.15
5337,1353,1,1,4.68
5338,1108,1,3,18.42
5339,548,1,1,8.25
5340,865,1,1,51.57
5341,1049,1,1,32.70
5342,1392,3,2,721.95
5343,140,2,1,428.67
5344,648,2,3,362.75
5345,960,3,3,578.31
5346,281,3,2,148.58
5347,9,1,2,19.44
5348,268,2,2,325.82
5349,1194,2,1,442.25
5350,623,1,1,8.02
5351,850,2,2,138.95
5352,7,1,1,12.27
5353,263,1,2,43.27
5354,766,3,2,259.28
5355,431,1,1,30.11
5356,839,1,3,37.50
5357,1400,1,1,3.67
5358,852,1,2,20.85
5359,1186,1,1,19.67
5360,787,3,3,167.91
5361,1059,1,3,44.41
5362,104,1,2,20.29
5363,575,5,3,163.03
5364,526,1,3,38.64
5365,442,1,2,16.99
5366,654,2,3,453.71
5367,514,1,1,37.51
5368,716,4,1,1293.82
5369,165,2,1,499.41
5370,137,1,3,51.29
5371,300,1,2,30.30
5372,899,1,1,39.95
5373,352,3,3,260.81
5374,961,1,2,24.04
5375,546,1,1,10.13
5376,747,3,2,221.43
5377,1239,1,1,5.71
5378,1114,1,1,43.94
5379,1177,4,2,1629.64
5380,948,3,3,84.82
5381,1141,2,2,338.42
5382,1056,2,2,505.73
5383,929,1,3,42.64
5384,348,2,1,354.19
5385,84,3,1,110.13
5386,591,1,1,13.53
5387,1241,1,2,28.86
5388,855,1,3,49.00
5389,1452,3,1,204.53
5390,1191,3,1,259.30
5391,485,2,3,530.50
5392,1345,1,2,54.95
5393,200,1,1,9.62
5394,319,3,2,245.94
5395,1382,2,1,130.04
5396,706,1,3,53.78
5397,745,1,1,25.58
5398,226,3,3,165.88
5399,901,2,3,520.29
5400,582,1,3,17.41
5401,1097,4,2,1320.36
5402,1129,1,1,16.27
5403,901,2,2,271.75
5404,869,2,2,137.49
5405,284,1,3,28.06
5406,436,1,1,10.54
5407,555,1,3,6.26
5408,675,3,1,205.69
5409,389,1,2,22.39
5410,770,3,2,185.51
5411,942,3,1,281.20
5412,828,1,1,47.60
5413,181,1,2,32.74
5414,73,1,2,48.98
5415,266,1,1,48.72
5416,373,3,2,258.78
5417,630,1,1,46.62
5418,766,1,2,49.69
5419,209,1,3,38.45
5420,1004,1,1,40.16
5421,737,1,2,34.16
5422,997,1,2,20.64
5423,229,2,2,170.25
5424,67,1,1,45.13
5425,700,1,3,33.22
5426,419,1,3,4.88
5427,821,2,3,176.94
5428,20,2,1,512.33
5429,733,2,3,595.39
5430,687,1,2,41.38
5431,868,1,3,35.90
5432,1294,3,3,104.60
5433,475,1,1,24.12
5434,568,1,2,14.48
5435,660,1,2,20.39
5436,1416,1,2,17.06
5437,126,3,2,291.72
5438,1041,1,1,9.62
5439,508,2,1,96.96
5440,874,3,2,88.36
5441,1155,2,3,119.99
5442,1222,1,2,5.99
5443,95,1,2,9.23
5444,818,2,3,360.79
5445,1164,3,3,157.45
5446,1457,1,3,6.57
5447,883,1,1,34.15
5448,361,2,2,157.10
5449,1336,4,3,548.98
5450,970,1,1,21.28
5451,955,3,3,139.63
5452,1256,1,1,23.53
5453,74,3,1,32.92
5454,1001,4,3,506.52
5455,289,1,3,37.68
5456,1293,3,2,569.46
5457,48,1,2,32.59
5458,335,1,1,13.05
5459,272,1,2,13.75
5460,1145,1,1,10.75
5461,402,3,3,221.35
5462,421,3,1,198.77
5463,424,3,2,604.80
5464,371,2,2,324.96
5465,180,1,2,10.99
5466,1272,3,1,155.90
5467,791,1,3,7.00
5468,1162,2,2,149.23
5469,383,2,1,273.08
5470,262,2,2,136.33
5471,595,1,1,4.97
5472,376,5,2,296.64
5473,139,1,1,33.25
5474,247,2,2,194.69
5475,694,1,2,34.90
5476,154,3,1,119.62
5477,143,1,1,34.13
5478,444,1,1,15.94
5479,463,1,2,27.84
5480,1191,3,1,141.50
5481,1145,1,1,20.06
5482,285,1,3,45.14
5483,1339,1,1,4.74
5484,519,1,1,51.14
5485,1275,1,3,44.47
5486,1238,3,3,224.15
5487,859,1,2,36.81
5488,806,1,3,38.58
5489,941,1,3,10.24
5490,935,1,2,54.37
5491,493,1,3,44.85
5492,42,1,2,48.48
5493,503,2,1,297.29
5494,1326,1,1,34.62
5495,1073,4,2,1202.29
5496,270,1,2,16.96
5497,519,1,3,31.44
5498,693,4,3,2097.69
5499,1304,1,3,24.34
5500,953,1,2,43.99
5501,1156,3,3,294.21
5502,41,1,1,19.72
5503,1002,3,1,245.38
5504,156,1,2,48.73
5505,518,1,2,9.83
5506,175,1,1,44.05
5507,1207,3,2,243.53
5508,484,6,3,39.29
5509,1163,2,1,396.53
5510,408,1,3,6.54
5511,477,1,1,52.98
5512,390,1,1,10.77
5513,609,1,1,34.72
5514,235,1,1,35.20
5515,538,1,1,51.22
5516,1222,1,2,18.06
5517,909,3,2,287.10
5518,936,3,1,255.98
5519,415,3,2,35.50
5520,346,2,2,127.13
5521,108,1,1,38.55
5522,997,5,3,103.96
5523,583,2,3,300.44
5524,990,1,2,50.03
5525,446,1,3,51.49
5526,680,2,3,609.77
5527,1126,1,3,44.93
5528,856,1,2,47.14
5529,299,2,3,298.14
5530,465,3,1,273.92
5531,28,1,3,18.04
5532,1078,1,1,18.92
5533,711,1,1,48.66
5534,709,1,1,25.11
5535,575,3,3,285.14
5536,2,1,2,54.77
5537,1059,4,1,1740.59
5538,1066,3,2,75.83
5539,1294,1,3,22.32
5540,275,3,2,270.34
5541,748,2,2,603.05
5542,258,1,2,26.77
5543,1190,3,3,161.27
5544,868,2,2,470.53
5545,1129,1,3,5.33
5546,567,5,2,87.52
5547,862,1,1,53.08
5548,643,1,1,8.37
5549,147,3,1,183.56
5550,639,1,1,53.82
5551,121,4,2,644.28
5552,900,2,1,592.01
5553,990,3,2,193.87
5554,670,1,1,30.57
5555,375,2,2,294.77
5556,767,2,3,625.79
5557,728,3,1,872.93
5558,1447,1,2,37.07
5559,1030,1,1,48.78
5560,344,1,2,46.56
5561,177,1,3,18.69
5562,456,1,1,33.85
5563,194,1,1,31.36
5564,994,1,1,15.16
5565,1348,1,3,5.65
5566,880,2,2,311.47
5567,1107,6,2,241.77
5568,1284,1,2,30.64
5569,1108,1,3,47.56
5570,614,3,1,51.22
5571,926,1,3,24.43
5572,148,1,2,12.72
5573,1104,2,3,324.75
5574,916,1,1,35.27
5575,593,2,2,314.23
5576,965,3,2,238.05
5577,1061,1,3,22.55
5578,81,1,1,28.96
5579,285,2,3,274.99
5580,1083,3,1,128.14
5581,1075,3,1,143.98
5582,379,1,1,37.09
5583,773,2,2,488.65
5584,472,2,2,551.07
5585,1032,1,3,35.26
5586,1145,3,3,98.72
5587,266,4,3,1097.36
5588,1285,1,1,23.70
5589,478,1,1,16.92
5590,1269,1,1,20.97
5591,1216,4,3,742.86
5592,1228,2,3,546.96
5593,178,3,1,580.17
5594,620,1,1,33.59
5595,883,1,2,3.99
5596,1364,3,3,186.84
5597,1388,1,1,26.56
5598,1029,1,1,32.15
5599,1260,3,2,69.65
5600,1162,1,1,15.80
5601,683,2,2,345.54
5602,1034,1,2,20.51
5603,989,1,2,15.37
5604,1454,2,3,159.19
5605,1141,1,1,24.06
5606,1274,5,3,307.51
5607,1283,3,2,209.79
5608,268,1,1,32.38
5609,875,1,1,43.32
5610,432,2,1,165.90
5611,26,2,3,385.21
5612,1398,1,2,54.22
5613,630,3,1,271.33
5614,1203,1,3,40.92
5615,1184,1,1,32.57
5616,123,2,3,107.98
5617,57,1,1,51.35
5618,451,1,2,5.59
5619,797,4,3,1329.35
5620,787,1,3,24.22
5621,881,2,2,380.09
5622,569,1,1,20.80
5623,1060,1,1,4.95
5624,1315,1,2,22.04
5625,281,2,1,453.00
5626,392,1,3,31.55
5627,586,1,3,49.07
5628,78,5,1,93.42
5629,1243,1,2,52.48
5630,1285,1,3,44.20
5631,744,3,2,219.39
5632,665,2,3,198.09
5633,436,2,3,376.83
5634,622,2,3,289.48
5635,1289,2,1,517.84
5636,523,1,3,40.29
5637,669,4,1,678.85
5638,1457,1,1,25.46
5639,291,2,3,608.84
5640,92,1,3,7.20
5641,1125,5,2,322.92
5642,12,3,2,267.93
5643,710,1,2,4.49
5644,752,1,3,34.38
5645,768,1,3,45.78
5646,178,1,2,41.39
5647,1181,1,3,14.18
5648,925,3,3,255.99
5649,1307,1,1,13.76
5650,1255,1,3,38.01
5651,1343,1,3,46.00
5652,495,1,1,18.58
5653,353,2,1,554.74
5654,181,1,2,44.74
5655,742,4,2,1053.45
5656,1223,1,2,53.32
5657,702,4,2,1159.15
5658,21,4,2,1044.14
5659,528,6,1,176.87
5660,1164,1,1,16.13
5661,1437,5,3,205.95
5662,488,2,2,122.25
5663,302,1,2,20.95
5664,392,1,1,29.88
5665,1450,2,2,315.10
5666,118,3,3,285.82
5667,330,1,2,36.02
5668,490,1,1,27.77
5669,10,1,3,28.91
5670,572,2,2,497.48
5671,663,1,1,43.96
5672,1263,1,1,50.39
5673,1011,1,3,44.04
5674,626,1,1,23.90
5675,157,1,2,43.27
5676,31,3,3,285.83
5677,788,3,2,94.17
5678,507,3,1,86.89
5679,245,2,2,136.48
5680,1198,1,3,34.38
5681,1131,3,2,584.11
5682,1418,2,1,526.08
5683,1101,2,2,350.09
5684,15,1,2,49.49
5685,666,1,2,27.85
5686,856,1,3,11.17
5687,540,1,3,10.70
5688,1027,1,3,51.32
5689,892,2,1,178.66
5690,76,1,1,48.76
5691,573,1,3,34.50
5692,113,2,3,198.25
5693,838,2,1,530.04
5694,814,3,2,66.22
5695,485,1,2,10.85
5696,131,3,1,90.23
5697,1362,1,2,25.46
5698,1315,1,3,24.97
5699,1196,1,2,13.81
5700,354,3,1,175.60
5701,652,1,2,45.31
5702,105,1,2,29.56
5703,1228,1,2,10.38
5704,741,3,1,61.32
5705,1130,1,3,45.66
5706,1016,1,2,30.56
5707,1300,2,1,287.07
5708,1128,1,3,21.88
5709,363,2,1,286.57
5710,433,2,2,133.05
5711,393,1,3,43.93
5712,1238,2,1,122.72
5713,245,1,3,13.44
5714,319,1,2,28.87
5715,1409,2,3,185.72
5716,885,4,2,1936.58
5717,921,1,2,31.07
5718,784,1,1,37.80
5719,307,1,1,18.96
5720,475,1,3,53.52
5721,1123,2,2,234.37
5722,180,3,2,42.52
5723,1041,1,3,13.97
5724,1287,1,2,30.89
5725,536,1,1,5.62
5726,928,4,1,819.24
5727,1051,3,1,160.68
5728,454,1,1,14.18
5729,360,1,2,13.37
5730,999,3,3,69.64
5731,1060,1,3,20.10
5732,428,1,3,23.58
5733,1166,2,3,487.29
5734,706,1,1,12.23
5735,818,2,1,334.23
5736,1163,1,1,10.12
5737,487,1,1,26.31
5738,920,2,2,168.65
5739,444,1,1,19.64
5740,1027,2,3,364.45
5741,1219,4,3,1350.13
5742,234,4,3,1837.37
5743,871,1,1,17.86
5744,1123,1,1,24.62
5745,669,3,3,15.19
5746,34,1,1,42.02
5747,953,1,1,38.75
5748,659,2,2,302.14
5749,73,3,3,142.41
5750,1187,1,3,46.53
5751,1354,4,2,1549.06
5752,637,3,3,151.60
5753,804,2,3,126.18
5754,420,1,2,43.71
5755,79,1,3,17.36
5756,996,1,3,41.32
5757,1119,1,1,45.23
5758,1403,1,2,48.20
5759,1183,3,1,155.22
5760,693,3,3,18.46
5761,632,1,2,8.44
5762,892,1,3,29.72
5763,148,3,2,155.11
5764,1299,1,1,41.87
5765,701,3,1,290.90
5766,595,2,3,432.15
5767,1260,1,1,16.07
5768,254,4,2,907.35
5769,720,1,3,22.99
5770,1317,2,2,323.47
5771,1222,2,3,124.22
5772,1021,1,1,33.27
5773,964,2,2,607.23
5774,1195,3,2,73.80
5775,1054,1,2,33.94
5776,539,1,1,4.77
5777,861,3,2,105.96
5778,551,1,3,38.53
5779,558,1,2,9.33
5780,1326,1,1,46.85
5781,50,2,1,143.66
5782,153,2,1,271.30
5783,812,2,3,338.27
5784,96,4,2,617.77
5785,140,2,3,238.44
5786,753,1,2,5.59
5787,858,3,3,288.52
5788,770,2,1,402.46
5789,263,1,3,21.57
5790,262,3,1,244.69
5791,960,1,2,36.30
5792,535,3,3,159.13
5793,414,1,2,53.47
5794,370,6,3,11.49
5795,1225,1,1,26.37
5796,862,1,3,11.84
5797,53,1,2,15.79
5798,1298,3,3,192.70
5799,1078,2,2,616.53
5800,1187,3,1,110.77
5801,976,4,2,2110.60
5802,359,1,3,6.32
5803,310,1,2,34.97
5804,181,1,1,45.73
5805,1013,2,3,341.22
5806,16,2,2,354.98
5807,720,1,3,39.06
5808,371,1,3,26.06
5809,283,2,2,271.18
5810,156,5,2,54.20
5811,543,1,2,45.02
5812,926,1,2,46.47
5813,79,1,1,48.71
5814,122,1,3,44.90
5815,151,2,1,328.51
5816,894,1,2,37.87
5817,538,3,3,288.84
5818,268,1,1,20.59
5819,1209,1,3,33.57
5820,1444,1,1,51.52
5821,1012,1,3,20.65
5822,653,1,3,39.86
5823,1072,1,2,10.15
5824,538,1,3,33.63
5825,584,1,3,54.95
5826,812,1,2,45.78
5827,670,1,1,22.16
5828,1222,4,2,1196.37
5829,733,2,3,184.09
5830,509,2,2,536.68
5831,673,4,1,765.90
5832,545,4,1,321.54
5833,1367,2,1,506.87
5834,109,1,1,31.06
5835,828,1,1,39.22
5836,89,1,1,34.02
5837,1265,1,1,30.83
5838,1355,1,2,8.39
5839,948,2,2,228.30
5840,1059,1,3,8.06
5841,902,4,2,1922.83
5842,1403,1,3,29.48
5843,989,1,1,4.27
5844,1217,1,1,5.14
5845,918,2,3,629.99
5846,1457,4,2,560.33
5847,1002,2,2,116.75
5848,799,4,2,684.12
5849,694,1,2,8.12
5850,209,2,2,379.95
5851,813,1,3,33.70
5852,1123,1,1,34.48
5853,983,1,1,46.54
5854,1340,2,2,586.13
5855,873,1,1,12.51
5856,598,3,1,17.49
5857,1171,1,1,32.16
5858,1046,1,2,18.98
5859,320,1,2,17.35
5860,324,1,3,6.82
5861,504,1,2,52.02
5862,434,1,3,29.73
5863,874,3,3,207.14
5864,190,2,1,143.82
5865,454,1,2,12.52
5866,689,1,3,14.03
5867,328,1,1,12.61
5868,481,1,3,48.91
5869,435,1,3,13.98
5870,604,3,2,367.63
5871,531,1,3,29.90
5872,560,1,1,18.43
5873,733,2,1,364.54
5874,68,4,1,1024.52
5875,162,1,1,45.54
5876,865,1,2,3.50
5877,1260,1,3,22.28
5878,262,1,2,23.17
5879,823,1,2,36.53
5880,165,2,3,324.66
5881,126,4,1,871.86
5882,521,2,2,262.32
5883,1145,4,1,1172.14
5884,712,1,1,7.40
5885,649,1,1,48.44
5886,581,1,1,49.03
5887,809,2,1,96.90
5888,4,1,1,4.31
5889,929,2,2,626.49
5890,1007,2,1,616.34
5891,1235,1,3,10.61
5892,128,2,3,473.62
5893,99,4,2,1579.97
5894,299,1,1,34.19
5895,290,1,1,46.61
5896,380,3,3,84.01
5897,666,1,1,40.15
5898,318,2,2,507.98
5899,171,4,1,1822.64
5900,238,1,3,35.75
5901,39,3,1,230.65
5902,471,1,3,35.80
5903,1228,2,1,408.22
5904,587,1,3,28.92
5905,895,1,1,10.67
5906,171,3,3,112.90
5907,1242,1,2,36.15
5908,629,1,2,22.27
5909,1069,1,2,44.98
5910,1284,3,1,1117.73
5911,447,1,3,5.83
5912,4,1,2,25.54
5913,621,1,1,36.55
5914,1035,1,1,26.33
5915,114,1,2,36.58
5916,517,1,2,8.14
5917,474,2,2,256.22
5918,43,3,1,102.79
5919,616,3,1,261.63
5920,813,1,3,23.74
5921,596,1,2,39.07
5922,431,1,1,40.11
5923,710,1,3,49.66
5924,597,1,2,12.50
5925,174,1,1,47.14
5926,1419,1,2,43.65
5927,688,1,2,34.25
5928,104,3,2,105.70
5929,1382,2,1,224.34
5930,1356,1,2,10.55
5931,781,5,1,34.31
5932,765,2,2,411.93
5933,79,1,3,34.45
5934,1267,1,3,17.30
5935,1378,1,3,41.50
5936,631,3,2,70.25
5937,745,4,1,755.87
5938,1197,2,1,613.71
5939,151,1,1,4.01
5940,273,1,1,24.44
5941,573,3,3,72.13
5942,685,3,3,40.04
5943,1002,4,3,999.30
5944,38,1,1,42.65
5945,580,2,3,333.97
5946,787,2,3,514.36
5947,639,1,2,40.40
5948,675,1,1,4.80
5949,608,1,1,27.12
5950,1123,1,3,32.27
5951,887,3,3,93.51
5952,1248,3,1,21.57
5953,318,1,1,54.61
5954,565,1,3,36.43
5955,394,1,1,16.10
5956,1255,3,1,227.09
5957,432,1,3,22.12
5958,168,2,1,319.70
5959,1075,3,3,37.05
5960,1439,1,3,44.07
5961,787,2,3,172.16
5962,1431,2,1,165.26
5963,1291,1,2,49.88
5964,1357,1,3,4.80
5965,1373,2,2,581.87
5966,827,1,2,12.62
5967,577,2,2,463.19
5968,1277,4,2,1904.20
5969,981,2,1,122.71
5970,98,1,3,43.30
5971,1405,3,1,43.52
5972,422,1,2,10.06
5973,252,3,2,198.18
5974,820,1,3,23.72
5975,1140,4,3,1590.27
5976,1117,2,3,420.98
5977,900,1,2,42.77
5978,1144,1,2,22.43
5979,33,1,1,49.32
5980,1043,1,3,34.14
5981,758,1,1,11.60
5982,1050,6,1,20.89
5983,573,2,2,628.63
5984,1349,1,2,25.70
5985,699,4,3,447.97
5986,295,3,1,72.75
5987,225,1,3,19.41
5988,477,1,3,22.53
5989,1407,1,2,31.15
5990,8,1,3,11.02
5991,371,1,2,37.03
5992,920,1,1,5.14
5993,34,3,2,26.31
5994,856,3,1,87.38
5995,545,1,1,28.15
5996,415,1,1,41.35
5997,440,1,3,14.81
5998,924,1,1,36.22
5999,455,3,2,137.12
6000,1354,1,2,25.65
6001,1149,1,3,50.87
6002,693,2,2,186.38
6003,665,1,1,26.49
6004,41,1,3,10.48
6005,571,1,3,38.78
6006,1386,1,3,3.33
6007,372,1,1,11.37
6008,815,1,2,17.70
6009,983,3,1,283.57
6010,1159,3,3,185.10
6011,1418,1,2,40.20
6012,992,6,3,215.90
6013,731,1,3,19.10
6014,117,1,1,9.68
6015,442,1,1,23.87
6016,1274,3,1,1146.48
6017,1350,2,2,485.13
6018,745,2,1,196.64
6019,992,1,1,45.35
6020,932,1,1,29.19
6021,318,2,1,246.36
6022,1418,4,3,1829.90
6023,137,2,3,557.03
6024,91,1,1,46.33
6025,424,6,2,86.45
6026,1292,1,1,29.47
6027,1025,3,3,147.64
6028,1334,3,1,243.11
6029,324,1,2,50.66
6030,99,1,2,13.39
6031,690,1,1,43.59
6032,779,2,1,219.81
6033,674,1,3,5.24
6034,725,1,1,33.99
6035,1361,1,2,30.51
6036,341,1,2,29.94
6037,410,1,2,49.28
6038,123,1,3,6.65
6039,229,1,2,19.66
6040,1313,1,3,15.86
6041,665,4,2,1015.51
6042,248,4,2,774.18
6043,171,4,3,420.59
6044,268,3,1,262.52
6045,1316,1,3,3.87
6046,602,1,1,9.29
6047,964,5,2,254.37
6048,903,3,2,295.86
6049,418,2,1,249.31
6050,1401,1,3,19.27
6051,281,3,3,199.13
6052,710,3,1,213.91
6053,726,1,1,30.77
6054,107,1,1,31.19
6055,23,3,2,279.39
6056,955,1,2,24.04
6057,788,1,3,5.25
6058,909,4,2,1386.45
6059,13,1,3,34.19
6060,1119,1,1,6.79
6061,529,3,1,51.86
6062,1274,3,1,297.84
6063,1455,1,3,32.69
6064,446,2,3,600.06
6065,1007,2,1,86.30
6066,1375,1,1,51.25
6067,376,2,3,640.30
6068,1404,6,2,129.21
6069,841,3,2,195.90
6070,560,1,1,13.11
6071,434,1,3,29.38
6072,164,1,2,30.12
6073,1461,4,3,1673.98
6074,1333,1,3,43.26
6075,443,2,3,286.64
6076,917,2,2,139.76
6077,759,1,3,8.92
6078,1271,3,2,191.99
6079,286,1,3,43.07
6080,1216,3,1,699.10
6081,405,3,3,282.46
6082,458,1,1,5.40
6083,738,3,2,489.65
6084,335,1,3,24.94
6085,291,3,1,71.00
6086,319,1,3,42.82
6087,336,1,3,20.49
6088,1005,3,2,276.67
6089,459,3,3,194.62
6090,252,1,1,45.74
6091,1345,1,2,47.39
6092,407,1,3,31.65
6093,1040,1,3,29.07
6094,743,2,1,345.63
6095,1346,3,3,568.57
6096,335,1,2,29.24
6097,909,1,2,19.06
6098,355,3,2,268.11
6099,1328,1,2,6.32
6100,953,3,1,134.73
6101,1447,1,1,27.61
6102,792,1,3,42.90
6103,1331,2,3,291.32
6104,554,3,1,222.79
6105,1455,1,1,11.10
6106,818,1,3,25.70
6107,911,4,1,1339.18
6108,750,1,2,44.24
6109,1151,2,1,352.83
6110,555,1,3,39.95
6111,1356,3,1,285.51
6112,508,1,3,14.41
6113,1265,3,2,97.91
6114,418,2,2,125.45
6115,342,3,2,129.80
6116,715,1,3,25.13
6117,508,3,2,133.20
6118,1136,2,3,140.75
6119,1097,1,2,52.96
6120,52,1,2,52.46
6121,1163,1,2,43.47
6122,1387,3,2,62.09
6123,504,6,2,233.73
6124,2,1,3,18.52
6125,344,3,2,243.40
6126,1366,1,3,41.54
6127,503,1,3,7.51
6128,439,1,1,26.41
6129,1420,1,1,51.71
6130,1099,1,3,27.32
6131,63,1,3,44.04
6132,1359,1,2,9.57
6133,253,1,3,8.55
6134,235,3,1,123.14
6135,514,2,1,412.74
6136,1365,1,1,10.53
6137,384,3,3,149.65
6138,687,1,2,44.90
6139,740,2,1,573.06
6140,484,3,3,272.48
6141,1446,1,3,48.85
6142,1012,1,2,11.56
6143,1374,3,1,153.32
6144,837,2,1,528.19
6145,1195,2,2,173.59
6146,1341,2,2,316.43
6147,1382,1,3,39.37
6148,757,4,2,1453.40
6149,370,1,3,27.21
6150,1371,3,1,229.12
6151,79,3,2,71.63
6152,887,1,1,13.51
6153,1336,1,1,30.36
6154,429,3,1,147.25
6155,100,1,1,6.34
6156,1329,2,1,219.97
6157,1006,4,2,826.58
6158,1362,1,1,15.13
6159,1252,1,1,47.27
6160,1252,3,1,294.65
6161,1413,2,3,252.28
6162,999,1,2,6.24
6163,276,3,3,136.34
6164,970,1,2,42.76
6165,1055,1,2,21.40
6166,1157,1,3,9.41
6167,791,1,2,14.83
6168,716,1,1,46.65
6169,1364,2,2,167.16
6170,1125,4,2,439.81
6171,495,1,3,10.45
6172,807,1,1,12.94
6173,1353,1,2,42.09
6174,651,4,3,1587.11
6175,1289,1,1,47.39
6176,531,3,3,291.93
6177,902,2,3,220.44
6178,232,1,1,48.93
6179,372,2,3,344.18
6180,863,2,3,500.37
6181,1426,1,1,39.90
6182,315,1,3,12.46
6183,29,1,1,25.72
6184,358,3,2,168.34
6185,1025,1,3,11.77
6186,1216,3,1,1021.38
6187,766,3,2,104.09
6188,281,2,2,139.62
6189,9,2,2,420.73
6190,620,3,2,156.05
6191,766,1,3,51.48
6192,892,2,1,535.63
6193,191,3,2,281.22
6194,100,4,3,1764.63
6195,534,2,1,351.06
6196,1165,1,3,40.50
6197,355,3,1,157.29
6198,1436,3,3,246.30
6199,1153,1,3,52.48
6200,1372,1,1,14.40
6201,1379,1,3,52.73
6202,89,1,2,38.92
6203,974,1,2,17.25
6204,974,3,3,116.98
6205,1433,1,3,42.43
6206,604,1,3,29.56
6207,880,1,3,18.78
6208,1246,1,1,8.87
6209,313,1,3,20.66
6210,705,3,3,123.44
6211,99,3,3,107.74
6212,165,1,1,39.69
6213,1020,1,2,46.16
6214,15,2,1,600.70
6215,1161,2,2,291.07
6216,1102,1,1,9.42
6217,861,1,3,45.69
6218,839,5,1,373.83
6219,901,2,3,195.59
6220,595,2,1,287.33
6221,1201,3,1,43.85
6222,558,3,1,593.73
6223,561,3,3,769.77
6224,904,2,2,235.42
6225,1067,3,1,179.59
6226,917,1,1,3.56
6227,1417,1,1,11.52
6228,1334,2,2,554.20
6229,943,2,1,153.77
6230,271,1,2,30.43
6231,298,3,2,64.92
6232,246,1,1,3.88
6233,1071,3,3,55.57
6234,43,2,3,593.43
6235,263,2,2,403.99
6236,1259,1,2,24.79
6237,1398,1,2,11.09
6238,562,1,3,50.68
6239,407,1,3,49.89
6240,489,2,3,364.76
6241,132,3,1,66.84
6242,485,1,2,11.08
6243,93,2,1,189.88
6244,1037,1,1,46.19
6245,78,5,3,304.50
6246,1037,1,3,46.68
6247,667,1,1,8.79
6248,1263,2,2,119.48
6249,924,1,1,30.05
6250,1156,1,3,40.67
6251,210,1,3,38.75
6252,388,1,3,50.80
6253,450,3,1,68.40
6254,847,1,3,50.37
6255,769,1,2,39.36
6256,422,1,1,42.67
6257,1398,2,2,568.09
6258,1318,1,3,31.03
6259,896,4,2,1215.51
6260,1344,3,1,626.68
6261,893,2,2,232.93
6262,349,1,3,35.50
6263,291,6,1,103.95
6264,929,3,2,1196.47
6265,312,1,1,47.77
6266,699,1,3,47.66
6267,1179,3,2,62.44
6268,82,2,1,595.28
6269,298,1,1,49.90
6270,281,1,2,32.88
6271,1170,3,3,124.11
6272,455,1,3,48.05
6273,43,3,2,91.70
6274,353,2,1,169.23
6275,381,1,1,36.01
6276,823,3,2,48.73
6277,1097,1,2,20.56
6278,687,1,3,51.83
6279,496,1,3,25.78
6280,355,2,1,318.10
6281,470,1,3,5.37
6282,382,1,1,14.26
6283,317,1,2,25.03
6284,554,2,3,205.81
6285,1236,3,3,245.75
6286,523,3,1,89.76
6287,40,2,1,359.87
6288,852,1,2,37.33
6289,1366,1,2,53.49
6290,1414,1,1,53.79
6291,1327,1,2,33.43
6292,1406,1,1,33.65
6293,1166,1,3,49.91
6294,852,3,3,212.76
6295,718,3,2,615.19
6296,1027,3,2,98.87
6297,1294,2,3,611.28
6298,1027,2,1,81.96
6299,613,2,1,181.08
6300,288,1,1,39.60
6301,375,1,1,38.84
6302,1361,1,1,13.19
6303,916,1,2,23.11
6304,1071,1,1,53.69
6305,208,1,2,4.96
6306,475,1,2,37.37
6307,1092,3,3,30.80
6308,1043,1,1,9.47
6309,763,1,1,41.22
6310,21,3,3,224.86
6311,387,1,3,36.83
6312,124,3,3,259.23
6313,1244,2,2,244.53
6314,297,3,3,109.64
6315,4,3,3,132.92
6316,103,2,2,196.50
6317,595,1,2,24.10
6318,1227,3,3,196.81
6319,838,1,1,52.86
6320,701,1,2,51.06
6321,214,2,3,389.00
6322,233,1,2,7.53
6323,946,3,2,275.88
6324,242,3,3,90.09
6325,543,1,2,26.46
6326,832,1,1,37.05
6327,182,1,3,18.49
6328,1048,2,2,289.93
6329,1085,1,3,42.49
6330,142,4,1,1981.87
6331,1457,1,1,40.91
6332,417,1,1,10.35
6333,1309,1,3,24.85
6334,1003,1,3,49.08
6335,155,2,3,393.30
6336,321,1,3,31.36
6337,868,2,2,445.60
6338,646,1,1,18.87
6339,1158,2,3,307.18
6340,344,2,3,381.77
6341,1348,2,3,116.15
6342,604,3,2,216.08
6343,859,2,1,365.04
6344,100,1,1,14.96
6345,255,3,3,70.43
6346,219,2,3,509.20
6347,1191,3,1,29.35
6348,1357,3,1,87.99
6349,816,1,3,34.02
6350,908,1,2,30.92
6351,1346,6,2,99.63
6352,1070,1,1,43.76
6353,932,1,3,49.25
6354,902,1,1,8.83
6355,584,2,2,599.60
6356,205,1,3,19.25
6357,511,4,1,1161.44
6358,534,2,3,487.09
6359,1123,1,3,20.61
6360,347,1,2,8.85
6361,1106,1,1,19.02
6362,796,1,2,12.56
6363,206,2,1,412.18
6364,860,2,3,584.63
6365,1108,1,3,8.55
6366,1023,1,3,8.49
6367,1404,1,1,22.39
6368,1260,2,3,259.69
6369,1316,1,1,30.95
6370,103,1,1,39.91
6371,560,1,3,50.37
6372,395,2,1,564.23
6373,488,1,1,36.05
6374,160,1,2,34.72
6375,439,1,1,48.61
6376,777,3,1,69.97
6377,807,1,3,24.76
6378,1031,1,1,41.72
6379,1396,1,1,35.76
6380,877,3,3,117.33
6381,1220,3,1,155.23
6382,81,1,1,46.70
6383,1207,1,1,9.70
6384,1214,4,2,1574.83
6385,935,1,2,45.19
6386,766,1,3,24.28
6387,1443,1,1,27.73
6388,893,3,3,283.99
6389,676,1,2,32.59
6390,695,1,1,54.74
6391,213,3,3,276.91
6392,602,1,1,39.37
6393,753,3,2,27.07
6394,875,4,1,554.56
6395,324,4,1,1964.66
6396,1363,1,2,7.29
6397,230,1,3,47.44
6398,777,1,2,18.92
6399,803,1,2,30.58
6400,642,1,3,38.48
6401,168,6,2,178.70
6402,554,1,2,15.66
6403,947,1,3,22.61
6404,203,3,3,161.13
6405,1113,3,3,594.59
6406,56,3,2,149.10
6407,1027,4,3,520.70
6408,761,1,2,24.09
6409,387,1,1,43.40
6410,366,1,3,41.56
6411,612,3,2,209.86
6412,10,1,1,52.12
6413,938,4,1,1874.54
6414,1139,3,1,751.08
6415,613,2,1,560.92
6416,989,1,1,38.86
6417,963,3,1,1019.56
6418,202,1,2,24.81
6419,807,6,2,127.78
6420,1216,6,2,81.24
6421,1275,2,1,135.84
6422,331,1,1,32.62
6423,249,1,1,9.72
6424,399,2,1,187.15
6425,1119,3,1,111.80
6426,244,5,3,365.97
6427,1087,2,2,457.16
6428,1100,1,2,26.29
6429,1199,2,1,370.30
6430,418,3,3,36.06
6431,1332,3,1,178.89
6432,594,3,1,54.31
6433,398,1,2,53.65
6434,230,3,2,218.40
6435,1131,2,1,322.86
6436,989,2,3,396.71
6437,919,1,2,18.95
6438,72,1,2,8.19
6439,896,1,2,15.85
6440,173,1,2,7.12
6441,1020,1,2,9.65
6442,1326,1,1,13.69
6443,1200,1,2,52.25
6444,1066,1,3,31.28
6445,632,1,3,20.68
6446,318,4,1,1646.12
6447,388,3,3,119.10
6448,566,2,1,123.11
6449,991,2,1,406.34
6450,1276,4,1,1857.65
6451,899,2,3,507.17
6452,42,1,2,5.02
6453,398,1,3,19.32
6454,333,1,2,8.15
6455,100,1,3,19.97
6456,253,1,2,9.02
6457,1413,1,1,8.58
6458,560,1,1,53.91
6459,1322,1,2,54.82
6460,1227,2,3,365.44
6461,1054,3,2,268.97
6462,422,3,3,61.12
6463,231,1,3,24.86
6464,399,1,1,44.12
6465,52,1,3,14.35
6466,1400,5,1,213.90
6467,521,3,2,109.04
6468,294,2,2,616.30
6469,1267,1,1,39.66
6470,639,1,3,52.32
6471,513,1,1,19.38
6472,995,2,3,80.36
6473,864,3,2,233.85
6474,1172,3,1,42.32
6475,844,1,1,40.77
6476,994,1,2,4.59
6477,1331,1,1,19.08
6478,1293,2,3,351.13
6479,100,3,2,566.22
6480,970,1,3,11.26
6481,724,1,2,13.15
6482,473,3,1,257.34
6483,1337,1,3,53.84
6484,1028,1,1,5.73
6485,566,1,2,8.05
6486,456,3,3,226.97
6487,352,3,3,264.95
6488,588,2,3,336.36
6489,429,1,2,54.48
6490,977,1,1,52.67
6491,1235,2,3,121.99
6492,1255,1,1,32.22
6493,1215,1,3,27.93
6494,1396,3,3,122.22
6495,863,1,3,15.85
6496,148,1,3,26.19
6497,1185,1,2,53.95
6498,830,1,2,43.07
6499,634,1,1,24.98
6500,1330,1,3,10.19
6501,684,1,1,51.76
6502,503,3,2,119.71
6503,155,2,2,619.12
6504,530,1,2,16.71
6505,943,2,2,523.83
6506,663,2,2,649.60
6507,1307,1,3,11.56
6508,765,4,2,1795.58
6509,609,2,1,208.08
6510,1229,1,2,36.07
6511,142,1,2,4.47
6512,1249,1,1,45.34
6513,883,2,1,557.48
6514,1366,1,1,28.02
6515,956,1,3,3.29
6516,960,1,2,10.08
6517,1377,1,2,7.28
6518,1028,1,3,19.48
6519,1387,2,3,493.73
6520,1290,1,1,26.02
6521,164,1,1,54.36
6522,691,4,1,709.32
6523,899,1,2,15.54
6524,1365,1,3,28.96
6525,795,2,1,358.32
6526,833,3,2,268.55
6527,1004,3,2,140.24
6528,1116,1,1,4.85
6529,100,1,1,36.04
6530,693,1,3,41.34
6531,281,2,3,422.52
6532,548,1,3,31.09
6533,1371,1,3,27.48
6534,1189,2,2,416.17
6535,742,1,2,41.16
6536,1355,2,2,449.15
6537,1165,4,1,1040.80
6538,249,3,2,296.38
6539,286,2,2,635.61
6540,1115,1,2,51.39
6541,944,1,2,40.54
6542,1016,1,2,43.44
6543,238,4,1,1885.31
6544,1232,1,3,37.69
6545,1358,3,1,38.61
6546,1440,4,3,638.40
6547,675,1,3,25.99
6548,1174,3,3,147.66
6549,382,2,2,415.67
6550,507,1,2,36.59
6551,31,1,1,25.76
6552,671,1,3,23.13
6553,607,1,2,39.82
6554,970,1,2,38.46
6555,492,1,1,10.63
6556,358,2,3,600.13
6557,460,3,2,292.42
6558,602,4,1,1168.55
6559,983,1,2,28.98
6560,539,1,1,19.70
6561,1146,1,1,36.83
6562,287,1,3,41.79
6563,920,1,1,48.74
6564,340,2,3,510.01
6565,480,1,1,27.75
6566,308,1,3,41.18
6567,902,2,1,283.50
6568,1161,2,3,373.76
6569,1321,4,3,1306.57
6570,112,3,3,142.42
6571,1442,3,3,201.74
6572,558,2,2,477.48
6573,1308,1,2,25.00
6574,231,1,2,5.29
6575,781,1,3,41.53
6576,488,1,1,7.88
6577,549,1,2,23.76
6578,1082,2,3,467.33
6579,1244,3,3,44.41
6580,656,3,3,280.96
6581,626,5,2,43.47
6582,592,1,2,28.93
6583,114,1,1,15.90
6584,392,1,3,38.34
6585,791,2,1,88.92
6586,587,1,3,41.84
6587,117,1,1,14.46
6588,729,1,1,41.92
6589,544,1,2,25.73
6590,794,1,1,24.84
6591,1122,3,1,156.37
6592,851,1,3,16.17
6593,172,1,2,20.28
6594,459,3,2,270.76
6595,1099,2,2,444.70
6596,502,3,1,260.85
6597,1264,1,2,39.36
6598,668,1,1,20.21
6599,382,1,2,46.99
6600,84,1,1,46.03
6601,1208,2,3,355.55
6602,237,1,2,42.64
6603,478,3,3,257.11
6604,1452,1,1,28.66
6605,624,1,1,34.10
6606,404,1,2,20.53
6607,415,2,3,313.11
6608,824,1,2,23.31
6609,270,1,2,20.95
6610,70,1,2,54.78
6611,1278,1,3,15.56
6612,1415,2,2,270.77
6613,913,1,2,34.57
6614,189,1,1,8.47
6615,210,3,2,841.44
6616,171,1,2,53.10
6617,336,2,1,485.81
6618,149,5,2,229.35
6619,1461,1,1,21.66
6620,1002,1,3,7.82
6621,878,1,3,43.43
6622,1247,1,2,43.50
6623,203,1,3,49.60
6624,157,4,2,1808.11
6625,947,1,2,28.32
6626,930,1,1,50.42
6627,1277,2,1,412.29
6628,1380,1,1,42.33
6629,403,3,2,93.50
6630,1397,3,1,832.24
6631,1056,2,2,523.59
6632,242,3,1,214.68
6633,1033,1,1,34.66
6634,1459,3,1,148.58
6635,262,1,2,18.54
6636,722,2,1,445.10
6637,65,1,2,11.05
6638,47,3,3,186.98
6639,900,1,2,6.23
6640,774,1,3,28.59
6641,1043,1,1,38.11
6642,1376,1,2,41.92
6643,1046,1,2,44.36
6644,1439,6,3,142.39
6645,880,1,1,44.57
6646,1058,1,2,18.61
6647,816,4,3,767.40
6648,1403,1,2,37.67
6649,56,3,3,98.62
6650,192,2,2,467.04
6651,300,6,2,59.33
6652,1053,2,3,589.51
6653,1334,1,2,10.95
6654,89,1,1,39.67
6655,966,1,2,6.21
6656,8,4,2,1066.31
6657,70,3,3,85.23
6658,1247,1,1,3.85
6659,308,1,3,40.91
6660,657,1,2,38.88
6661,311,3,1,231.62
6662,27,2,3,450.54
6663,453,1,1,51.15
6664,746,5,3,369.30
6665,214,1,3,45.03
6666,1236,2,2,602.68
6667,1205,3,3,155.34
6668,708,3,3,276.00
6669,914,3,3,198.14
6670,230,1,2,20.58
6671,1127,2,1,568.48
6672,1108,1,3,24.68
6673,407,2,1,213.90
6674,542,1,2,36.77
6675,11,1,3,51.01
6676,898,1,2,29.85
6677,1205,4,3,1691.00
6678,717,2,3,286.70
6679,838,1,2,5.27
6680,1038,4,1,1375.78
6681,262,3,3,264.12
6682,847,1,2,24.74
6683,790,1,2,32.83
6684,286,3,1,141.20
6685,1430,4,2,1977.54
6686,398,1,2,30.64
6687,165,1,2,44.90
6688,387,4,2,1392.48
6689,1052,1,2,25.30
6690,715,3,1,178.98
6691,403,1,1,19.82
6692,196,2,3,491.65
6693,1011,6,2,172.71
6694,1096,1,3,15.04
6695,1420,1,3,50.77
6696,987,2,3,226.32
6697,1066,1,2,6.45
6698,416,2,2,497.22
6699,635,1,2,22.54
6700,66,1,1,42.07
6701,219,3,2,1135.42
6702,216,2,2,143.75
6703,689,2,2,600.97
6704,1282,1,1,17.29
6705,1124,1,1,54.33
6706,794,1,1,26.10
6707,1430,1,3,10.48
6708,1187,1,3,22.32
6709,834,1,1,29.77
6710,1385,3,3,67.85
6711,70,3,3,226.40
6712,311,1,1,34.29
6713,1058,1,1,36.54
6714,68,2,2,108.89
6715,40,1,1,45.78
6716,635,3,3,224.34
6717,115,1,3,11.19
6718,495,3,1,742.72
6719,243,2,3,466.95
6720,509,1,1,45.60
6721,402,1,1,21.41
6722,962,3,1,1089.89
6723,475,1,1,11.63
6724,1146,3,2,287.43
6725,998,1,1,37.86
6726,1026,3,2,172.28
6727,1249,1,2,32.81
6728,1283,3,2,107.36
6729,704,1,1,28.25
6730,1326,1,2,30.40
6731,1042,3,2,287.03
6732,1108,1,3,48.79
6733,496,3,1,243.63
6734,282,1,2,50.86
6735,721,1,3,37.07
6736,872,1,1,13.06
6737,395,3,1,127.56
6738,1366,6,1,117.23
6739,692,1,2,3.33
6740,706,1,2,26.28
6741,433,4,2,2123.16
6742,408,1,2,51.46
6743,1,2,2,392.75
6744,713,1,3,29.44
6745,1109,4,1,1417.02
6746,492,1,3,48.51
6747,879,1,3,34.87
6748,414,1,3,17.95
6749,692,3,1,181.78
6750,292,1,1,38.93
6751,336,3,3,294.37
6752,25,1,1,14.29
6753,402,3,2,100.63
6754,1138,1,3,50.60
6755,827,1,2,6.96
6756,558,1,2,35.73
6757,917,1,1,3.86
6758,656,1,3,11.94
6759,407,1,2,25.86
6760,395,3,2,113.74
6761,602,1,3,18.14
6762,632,3,3,232.44
6763,1096,1,2,14.21
6764,1460,1,1,28.27
6765,657,1,2,26.84
6766,680,4,2,382.49
6767,1099,1,1,37.73
6768,968,2,1,471.80
6769,182,1,1,5.00
6770,297,2,1,299.87
6771,1281,2,2,527.96
6772,36,1,1,43.34
6773,58,1,3,43.17
6774,932,2,3,545.64
6775,403,2,3,635.67
6776,970,6,3,145.35
6777,506,4,3,525.83
6778,379,1,3,10.32
6779,463,1,1,5.16
6780,868,1,1,29.39
6781,1006,2,1,212.89
6782,279,1,1,35.64
6783,1082,3,1,19.75
6784,1064,5,3,93.23
6785,370,2,3,147.91
6786,369,1,2,5.90
6787,500,4,3,2180.12
6788,505,4,2,1476.62
6789,947,1,3,43.38
6790,1022,3,2,118.16
6791,642,2,1,482.47
6792,1037,1,1,14.87
6793,753,1,3,37.87
6794,1313,1,3,37.70
6795,1145,1,1,33.63
6796,973,2,3,274.93
6797,1307,2,1,457.05
6798,1139,3,3,130.66
6799,1017,2,3,80.01
6800,467,1,2,35.87
6801,481,1,2,37.87
6802,105,1,2,52.38
6803,1062,1,3,19.94
6804,964,4,1,791.00
6805,210,3,1,258.51
6806,134,2,1,192.04
6807,915,1,3,13.70
6808,1293,3,3,225.99
6809,669,3,1,499.19
6810,879,1,2,46.47
6811,1291,1,1,33.69
6812,778,1,2,8.09
6813,635,1,3,34.52
6814,1060,3,3,222.42
6815,619,1,2,14.87
6816,758,3,1,542.18
6817,49,3,2,292.14
6818,546,1,2,17.49
6819,644,3,1,214.27
6820,627,1,1,33.31
6821,1055,1,3,12.53
6822,726,3,3,112.32
6823,1440,1,2,51.97
6824,129,3,2,160.17
6825,852,3,3,42.15
6826,653,1,1,6.86
6827,532,1,2,40.23
6828,967,1,2,24.95
6829,418,6,3,87.13
6830,355,1,3,38.24
6831,1044,1,2,29.48
6832,1035,3,3,231.51
6833,639,2,1,92.34
6834,782,1,2,50.59
6835,277,2,3,605.92
6836,355,1,2,11.89
6837,1237,3,3,272.00
6838,863,1,1,34.95
6839,300,1,1,5.41
6840,1329,2,1,482.86
6841,429,1,3,6.47
6842,1303,1,3,37.66
6843,1280,1,3,35.38
6844,190,2,1,154.82
6845,470,4,3,1934.15
6846,492,1,1,15.33
6847,1026,1,3,7.86
6848,486,3,3,210.27
6849,1274,1,1,12.68
6850,631,1,1,37.75
6851,502,1,1,33.76
6852,695,1,1,5.87
6853,584,3,3,248.34
6854,863,1,3,12.44
6855,1302,1,3,8.78
6856,1458,3,3,200.89
6857,444,6,3,16.15
6858,306,3,3,271.15
6859,867,1,3,25.82
6860,133,3,1,180.25
6861,232,3,3,174.60
6862,1280,1,1,15.80
6863,436,4,3,1459.59
6864,927,3,3,87.36
6865,409,1,2,18.38
6866,970,1,2,25.73
6867,568,3,3,23.09
6868,1086,1,3,24.33
6869,589,3,2,273.45
6870,604,1,3,41.33
6871,44,1,2,13.71
6872,102,3,3,124.62
6873,209,3,1,124.01
6874,498,3,2,188.24
6875,492,1,1,20.77
6876,1255,1,1,39.75
6877,1192,2,2,607.69
6878,1049,3,3,216.38
6879,1014,1,3,26.33
6880,332,1,3,13.65
6881,514,1,3,9.24
6882,329,1,2,9.96
6883,645,3,1,1034.42
6884,1013,1,2,14.54
6885,1073,1,2,12.29
6886,791,1,3,44.76
6887,316,2,3,169.11
6888,390,2,3,271.69
6889,10,1,1,20.41
6890,97,1,3,29.81
6891,20,2,1,434.59
6892,369,2,3,230.74
6893,180,2,2,469.18
6894,953,1,2,52.07
6895,1054,1,2,25.36
6896,103,1,1,35.07
6897,81,3,2,529.49
6898,1125,4,2,1527.91
6899,351,3,3,356.81
6900,564,1,2,36.68
6901,1390,1,3,16.14
6902,1109,3,3,21.18
6903,529,1,1,4.31
6904,495,1,1,30.35
6905,1347,2,2,591.80
6906,978,2,2,643.06
6907,602,1,3,47.40
6908,1456,1,3,51.22
6909,1183,1,3,53.59
6910,588,2,1,580.67
6911,1134,1,3,13.74
6912,1148,1,1,4.71
6913,886,1,1,4.05
6914,248,1,3,22.41
6915,554,3,1,26.44
6916,1141,2,1,327.35
6917,784,3,3,104.46
6918,1425,3,1,151.33
6919,55,1,2,21.67
6920,35,1,2,10.29
6921,1088,1,1,27.88
6922,1444,1,1,53.79
6923,1105,1,2,4.19
6924,692,3,1,856.61
6925,700,1,2,28.73
6926,292,3,3,239.38
6927,544,3,1,226.15
6928,59,3,1,940.78
6929,434,1,1,53.60
6930,205,1,2,11.23
6931,1138,2,1,482.73
6932,1200,3,1,1012.79
6933,494,2,1,544.72
6934,1158,1,2,48.20
6935,1258,3,2,275.36
6936,1,1,1,17.05
6937,927,1,1,48.46
6938,1312,1,3,10.22
6939,1327,1,2,23.90
6940,457,1,2,23.24
6941,1322,1,2,49.09
6942,1123,1,1,50.40
6943,670,1,3,25.40
6944,701,4,1,1043.73
6945,982,1,3,5.63
6946,1390,1,1,15.10
6947,497,3,2,245.94
6948,1212,2,3,324.49
6949,648,4,3,2160.52
6950,246,1,3,26.70
6951,667,1,3,19.78
6952,1206,1,3,5.32
6953,980,1,3,37.30
6954,1195,1,3,5.47
6955,1421,1,2,55.00
6956,1166,2,2,419.80
6957,703,1,3,32.87
6958,1114,1,3,7.09
6959,572,1,1,49.45
6960,487,1,3,29.95
6961,126,3,1,170.99
6962,488,3,2,116.36
6963,184,1,1,6.76
6964,234,2,1,583.75
6965,440,1,3,23.48
6966,1201,4,3,778.76
6967,817,4,3,1182.64
6968,1071,3,3,83.95
6969,889,4,2,1702.68
6970,729,1,3,21.89
6971,1040,1,1,23.31
6972,776,2,1,240.90
6973,1357,1,2,12.76
6974,121,3,1,786.81
6975,1363,1,2,36.78
6976,326,1,2,34.96
6977,1280,1,2,52.10
6978,662,6,2,36.68
6979,958,1,3,34.94
6980,1104,1,2,51.57
6981,1112,3,3,64.58
6982,818,1,1,23.08
6983,660,1,1,35.65
6984,1280,3,3,279.46
6985,196,3,3,146.86
6986,38,1,1,31.32
6987,213,1,3,30.20
6988,991,2,1,143.19
6989,584,1,3,21.27
6990,967,1,2,18.07
6991,689,2,1,499.44
6992,80,1,3,11.51
6993,754,1,1,18.85
6994,881,3,2,261.05
6995,807,1,3,6.00
6996,1020,3,1,280.67
6997,291,1,1,28.29
6998,1126,1,2,9.10
6999,672,1,1,33.53
7000,955,4,2,1752.33
7001,980,4,1,898.16
7002,1449,3,2,887.51
7003,1123,1,2,4.74
7004,187,2,1,206.07
7005,465,1,3,39.58
7006,80,3,1,257.98
7007,392,1,3,41.82
7008,1178,2,3,234.77
7009,1079,1,1,41.85
7010,234,2,3,250.00
7011,952,3,1,200.44
7012,756,2,1,577.43
7013,506,1,3,32.59
7014,243,1,2,16.47
7015,1019,3,2,266.58
7016,1302,1,3,6.82
7017,1061,1,2,45.91
7018,991,1,1,6.61
7019,118,1,1,47.82
7020,290,1,3,5.05
7021,844,2,3,296.58
7022,237,1,1,48.42
7023,735,1,1,11.59
7024,697,3,3,143.07
7025,1066,2,1,102.37
7026,636,1,1,40.55
7027,1355,1,3,37.80
7028,227,3,3,113.11
7029,180,3,1,22.93
7030,1026,3,1,21.44
7031,476,3,1,220.63
7032,165,1,3,3.73
7033,693,3,1,19.95
7034,861,1,3,5.00
7035,1452,1,3,29.81
7036,540,2,3,223.35
7037,1312,1,1,37.94
7038,1200,3,1,268.21
7039,1341,3,1,539.85
7040,121,2,1,576.58
7041,954,1,1,23.92
7042,437,3,3,281.72
7043,1312,6,1,45.48
7044,1355,1,1,3.64
7045,727,1,3,48.13
7046,713,3,2,256.87
7047,499,1,1,37.45
7048,674,1,2,49.32
7049,908,1,2,5.71
7050,798,1,2,25.39
7051,817,1,3,38.40
7052,655,1,1,9.97
7053,60,1,1,5.46
7054,826,1,1,18.98
7055,914,1,1,31.22
7056,1145,1,3,8.13
7057,70,1,3,52.21
7058,307,3,1,198.48
7059,1110,3,3,226.93
7060,147,3,2,86.74
7061,387,1,3,44.25
7062,314,1,1,46.44
7063,414,1,3,36.70
7064,141,1,3,53.15
7065,980,1,3,36.02
7066,1280,1,1,29.90
7067,1261,1,1,37.94
7068,90,2,3,551.91
7069,970,1,2,34.65
7070,961,2,3,384.49
7071,595,1,1,18.92
7072,297,2,3,184.49
7073,257,3,2,281.87
7074,192,1,3,34.72
7075,1117,1,3,52.59
7076,998,2,3,552.49
7077,459,1,1,54.48
7078,93,1,1,37.03
7079,866,1,1,17.70
7080,579,1,2,36.03
7081,188,3,1,124.46
7082,1444,1,3,33.92
7083,201,1,3,10.46
7084,948,1,1,28.33
7085,220,1,3,22.20
7086,388,1,1,18.66
7087,278,1,2,22.40
7088,1332,2,2,178.37
7089,1219,1,1,45.95
7090,427,1,3,53.21
7091,901,3,3,53.70
7092,924,4,3,871.83
7093,931,1,1,13.37
7094,345,2,1,535.25
7095,932,3,3,123.55
7096,211,1,2,15.64
7097,899,1,1,34.92
7098,946,1,2,25.06
7099,1409,1,3,24.61
7100,1217,1,2,25.87
7101,24,1,2,42.81
7102,1214,1,1,18.33
7103,524,1,3,47.74
7104,221,1,2,51.45
7105,843,1,3,36.31
7106,1032,3,1,197.32
7107,491,1,3,42.34
7108,1036,1,1,4.59
7109,552,1,3,14.44
7110,1117,1,3,24.85
7111,1252,1,1,42.85
7112,770,2,3,254.99
7113,783,3,3,292.30
7114,856,1,1,20.11
7115,200,3,1,84.85
7116,388,3,3,228.60
7117,729,3,1,174.65
7118,318,3,2,66.89
7119,479,3,1,223.98
7120,274,2,3,430.10
7121,380,1,1,47.85
7122,97,3,2,199.32
7123,743,3,3,128.31
7124,1115,2,1,370.83
7125,528,1,2,52.08
7126,628,2,2,577.57
7127,140,1,3,6.16
7128,1427,2,3,135.38
7129,545,1,1,9.51
7130,818,3,2,98.29
7131,318,1,1,26.80
7132,351,1,2,12.04
7133,1276,1,3,36.45
7134,516,1,2,33.04
7135,833,2,3,174.07
7136,156,2,1,469.77
7137,327,1,2,54.40
7138,448,1,3,31.11
7139,395,2,1,612.29
7140,1077,3,3,150.28
7141,401,2,3,260.93
7142,768,1,3,49.35
7143,267,1,3,34.93
7144,559,1,1,28.07
7145,441,3,1,105.38
7146,42,1,2,24.48
7147,1436,1,1,23.08
7148,1344,2,2,636.76
7149,1396,1,2,8.68
7150,68,6,1,73.09
7151,756,1,1,18.63
7152,505,1,2,54.28
7153,121,1,3,14.25
7154,906,3,2,112.77
7155,1268,1,3,5.69
7156,11,1,1,23.12
7157,659,2,3,445.82
7158,763,1,1,11.90
7159,359,1,3,33.95
7160,1361,2,3,146.63
7161,544,2,3,225.83
7162,105,3,2,198.37
7163,649,1,3,5.68
7164,1071,3,1,160.07
7165,519,3,1,75.62
7166,482,1,3,48.73
7167,308,3,3,24.31
7168,283,1,1,30.37
7169,8,3,1,218.11
7170,722,3,2,216.30
7171,280,1,1,36.29
7172,819,1,1,5.91
7173,866,3,3,287.57
7174,613,3,1,282.18
7175,395,1,2,19.96
7176,151,1,3,33.41
7177,254,1,1,54.32
7178,32,2,1,316.54
7179,889,2,1,637.74
7180,147,2,1,358.17
7181,329,2,2,243.92
7182,338,3,3,273.55
7183,1067,1,3,34.16
7184,460,1,2,5.83
7185,1296,1,3,4.73
7186,368,2,3,559.46
7187,187,1,1,36.57
7188,1089,1,3,24.65
7189,1269,2,1,570.04
7190,824,2,2,426.42
7191,203,1,2,14.69
7192,1082,4,1,966.45
7193,309,1,2,37.74
7194,488,2,2,134.14
7195,1454,1,2,12.06
7196,814,1,2,10.43
7197,751,2,3,491.26
7198,47,2,2,474.87
7199,115,1,2,20.46
7200,1215,2,3,410.46
7201,1186,2,1,80.66
7202,1161,1,2,18.01
7203,311,1,2,49.18
7204,1186,1,2,54.52
7205,770,1,3,9.83
7206,569,1,1,46.09
7207,1179,3,1,63.01
7208,501,1,1,48.86
7209,91,4,2,591.59
7210,429,2,1,597.48
7211,1126,3,1,79.01
7212,1459,1,3,31.64
7213,555,3,3,280.25
7214,331,4,3,2064.39
7215,731,1,2,40.71
7216,905,2,2,229.68
7217,1413,5,1,368.15
7218,126,1,2,39.51
7219,695,1,1,54.71
7220,22,1,3,54.15
7221,1076,3,2,135.73
7222,1336,1,3,50.46
7223,1106,1,2,54.42
7224,87,1,2,3.70
7225,1460,2,3,101.19
7226,801,1,2,4.19
7227,629,1,3,26.65
7228,985,1,1,54.25
7229,114,1,2,36.11
7230,1278,1,3,53.71
7231,387,3,1,923.46
7232,741,3,3,903.11
7233,731,1,3,5.85
7234,1221,1,2,24.47
7235,543,1,3,19.54
7236,996,1,3,30.29
7237,1408,3,2,247.87
7238,937,1,1,48.52
7239,118,1,2,49.57
7240,842,1,1,24.29
7241,1323,4,1,1852.90
7242,1331,4,2,833.81
7243,809,2,1,381.73
7244,1327,2,3,99.40
7245,410,6,1,168.69
7246,617,1,1,40.25
7247,1209,1,3,29.62
7248,679,3,3,93.04
7249,1012,2,1,489.80
7250,1075,1,1,24.31
7251,5,1,1,41.97
7252,571,1,3,35.46
7253,1134,3,1,206.02
7254,169,1,3,12.64
7255,323,1,1,10.21
7256,815,3,1,939.99
7257,399,2,2,164.80
7258,1337,1,3,29.14
7259,289,2,3,358.93
7260,400,1,1,20.92
7261,1364,1,1,6.28
7262,427,1,2,12.76
7263,1185,1,2,48.75
7264,370,1,3,36.52
7265,811,3,2,24.97
7266,989,1,2,33.23
7267,437,1,1,5.02
7268,99,1,3,8.20
7269,625,1,2,8.36
7270,1351,5,1,175.92
7271,913,1,3,32.57
7272,64,3,3,188.59
7273,1380,1,3,40.25
7274,672,1,1,36.16
7275,1314,2,3,582.91
7276,792,1,2,20.72
7277,805,1,2,51.43
7278,789,4,2,499.23
7279,1245,3,3,94.46
7280,669,1,3,8.69
7281,807,1,2,31.75
7282,283,1,1,17.63
7283,942,1,2,19.49
7284,967,2,3,324.93
7285,644,1,1,6.78
7286,297,3,1,212.09
7287,553,1,3,17.01
7288,1328,2,2,646.36
7289,25,1,3,7.54
7290,24,1,2,13.08
7291,1214,3,3,216.89
7292,888,4,2,2107.57
7293,112,1,3,20.37
7294,62,3,1,290.88
7295,1455,1,1,8.14
7296,161,1,2,25.28
7297,896,5,1,93.68
7298,1099,5,1,164.03
7299,411,2,2,619.79
7300,885,2,2,144.37
7301,1284,1,2,14.10
7302,850,2,3,134.74
7303,1,1,2,8.67
7304,1265,2,1,313.84
7305,764,3,1,103.80
7306,1273,2,2,424.35
7307,1079,1,2,45.58
7308,855,1,3,50.79
7309,514,1,1,54.43
7310,1079,1,3,54.07
7311,1164,5,2,238.10
7312,909,2,1,425.37
7313,1329,2,2,601.71
7314,1350,3,1,170.14
7315,572,1,1,12.71
7316,1424,1,3,3.91
7317,1411,2,1,540.67
7318,1095,3,1,136.96
7319,1327,2,3,600.39
7320,1078,1,2,22.91
7321,873,1,1,38.56
7322,963,3,1,279.78
7323,721,3,3,88.61
7324,525,1,1,36.17
7325,3,3,3,988.17
7326,1088,1,1,15.13
7327,107,2,3,601.51
7328,984,1,2,34.60
7329,760,1,1,34.81
7330,1253,2,1,495.54
7331,501,1,1,9.26
7332,713,2,1,409.64
7333,528,1,3,11.58
7334,15,2,1,451.64
7335,1167,1,1,33.39
7336,306,1,1,16.24
7337,122,1,1,5.85
7338,515,1,1,31.82
7339,1331,1,2,35.58
7340,815,1,3,46.22
7341,1290,1,1,46.52
7342,1108,1,2,15.05
7343,1006,1,2,5.99
7344,246,1,3,39.53
7345,1150,3,1,192.97
7346,336,2,2,258.06
7347,110,1,3,15.31
7348,44,1,2,35.01
7349,629,1,3,7.43
7350,95,1,2,53.53
7351,513,1,3,26.71
7352,1353,1,1,50.56
7353,326,1,1,17.00
7354,424,1,2,34.73
7355,21,1,1,47.67
7356,572,3,1,226.14
7357,509,3,2,275.89
7358,826,4,3,2185.42
7359,860,1,1,10.88
7360,1173,3,3,36.63
7361,934,3,1,124.65
7362,120,1,3,44.21
7363,1447,1,3,28.01
7364,753,3,3,97.65
7365,1192,1,1,9.05
7366,860,2,2,445.03
7367,25,2,3,142.60
7368,918,1,1,49.18
7369,801,1,1,24.05
7370,839,3,1,278.14
7371,1299,3,1,1148.31
7372,603,1,1,48.68
7373,1404,1,3,31.23
7374,1370,2,3,154.28
7375,698,2,3,439.86
7376,887,1,3,42.63
7377,1032,1,3,46.11
7378,650,1,2,22.18
7379,670,1,1,35.08
7380,1206,2,1,460.35
7381,501,3,3,241.88
7382,1460,1,3,53.71
7383,910,1,2,23.93
7384,1245,1,3,6.20
7385,1457,3,1,166.24
7386,1449,1,1,5.01
7387,797,1,1,16.86
7388,1397,1,2,29.29
7389,1368,5,3,163.22
7390,220,4,1,1833.34
7391,1068,1,2,19.68
7392,512,2,3,494.84
7393,203,1,1,43.98
7394,307,2,2,360.93
7395,1145,1,1,36.21
7396,142,1,2,42.76
7397,895,1,3,10.64
7398,1456,3,2,135.10
7399,781,1,3,40.34
7400,596,1,3,18.23
7401,93,1,3,38.69
7402,167,3,1,265.48
7403,178,1,1,41.67
7404,873,2,2,182.74
7405,514,2,2,378.06
7406,551,1,1,25.31
7407,1297,2,3,275.67
7408,881,2,2,573.53
7409,770,2,2,120.86
7410,385,1,2,46.78
7411,1308,3,2,46.78
7412,165,1,2,32.95
7413,14,1,2,49.74
7414,1145,1,2,52.95
7415,760,1,2,23.59
7416,1194,1,3,9.76
7417,103,3,2,109.59
7418,312,1,1,23.25
7419,412,1,1,48.71
7420,14,2,2,466.12
7421,259,2,1,629.42
7422,613,3,3,57.41
7423,94,1,3,49.60
7424,1067,3,2,50.57
7425,758,3,2,208.71
7426,592,1,1,33.41
7427,145,3,1,253.24
7428,1029,2,1,101.83
7429,289,1,3,37.52
7430,504,2,1,127.40
7431,136,1,3,24.45
7432,625,3,3,292.81
7433,1200,2,3,266.74
7434,1444,1,1,19.69
7435,1445,2,1,273.14
7436,382,3,2,151.14
7437,806,1,1,15.71
7438,1208,2,3,179.48
7439,518,3,3,1191.83
7440,622,1,1,22.88
7441,203,3,3,211.80
7442,1008,5,3,363.87
7443,735,1,3,14.57
7444,1179,1,3,19.04
7445,1316,1,1,33.11
7446,1178,3,1,178.74
7447,1165,3,1,259.87
7448,853,6,3,80.30
7449,8,4,3,909.21
7450,91,1,1,38.76
7451,1219,3,1,258.36
7452,1417,1,3,28.92
7453,349,1,3,39.96
7454,877,2,2,168.86
7455,1118,3,1,126.57
7456,1062,4,2,936.73
7457,1010,1,3,13.83
7458,538,5,2,41.58
7459,648,1,1,25.99
7460,747,3,1,642.41
7461,1396,3,1,128.46
7462,1153,1,2,12.61
7463,921,3,1,43.76
7464,286,2,1,145.46
7465,1343,4,2,1815.61
7466,755,1,3,38.81
7467,977,1,3,52.38
7468,203,1,1,21.64
7469,1337,4,2,897.69
7470,1056,2,1,413.06
7471,455,1,3,45.86
7472,186,1,1,34.46
7473,202,5,2,119.80
7474,1110,1,1,29.09
7475,1050,2,3,384.81
7476,53,1,2,21.16
7477,385,1,2,32.93
7478,662,1,3,20.33
7479,843,4,2,1652.53
7480,1398,1,1,10.93
7481,15,2,3,159.78
7482,378,1,2,23.48
7483,450,1,3,44.76
7484,713,1,2,25.11
7485,1429,1,3,21.85
7486,577,6,3,227.60
7487,701,1,2,34.10
7488,494,1,3,44.63
7489,599,2,1,389.72
7490,634,1,3,42.42
7491,1071,3,1,124.34
7492,955,3,3,142.36
7493,1376,1,2,15.85
7494,1242,3,1,467.33
7495,390,4,2,1471.16
7496,743,1,3,39.70
7497,203,1,2,40.47
7498,850,1,2,24.45
7499,315,1,3,45.59
7500,1118,6,3,126.68
7501,244,2,3,641.26
7502,1378,3,1,287.69
7503,38,1,2,50.82
7504,236,2,3,620.47
7505,1110,2,3,127.84
7506,1142,1,2,26.44
7507,259,2,1,429.87
7508,9,3,3,94.13
7509,128,2,2,169.18
7510,907,2,2,406.88
7511,521,3,3,96.35
7512,1383,3,3,133.73
7513,134,4,2,1085.10
7514,2,4,3,2001.46
7515,528,1,3,19.87
7516,1389,1,1,51.03
7517,103,3,3,693.59
7518,465,1,3,49.32
7519,134,2,3,402.99
7520,891,1,3,46.27
7521,138,2,3,220.83
7522,1147,4,2,2093.76
7523,1190,6,3,214.01
7524,1430,2,3,456.86
7525,564,4,1,2170.07
7526,882,3,1,170.39
7527,31,1,3,30.22
7528,1299,1,3,38.96
7529,772,1,2,15.53
7530,1070,1,2,4.11
7531,1436,6,3,103.55
7532,845,1,1,18.25
7533,624,1,2,13.23
7534,1356,3,1,239.73
7535,818,3,2,269.67
7536,863,1,3,19.49
7537,779,1,2,54.90
7538,241,1,1,45.45
7539,1351,3,2,160.50
7540,1034,1,2,12.01
7541,948,3,3,57.62
7542,171,2,3,114.82
7543,297,1,2,11.92
7544,1152,1,1,15.30
7545,708,3,2,36.91
7546,1221,2,1,147.62
7547,585,4,3,1619.09
7548,1054,3,2,299.72
7549,508,2,2,285.80
7550,1445,2,2,114.44
7551,431,1,3,22.71
7552,1386,1,2,8.01
7553,763,3,3,177.27
7554,19,2,1,282.27
7555,1296,1,1,22.08
7556,1186,1,3,31.43
7557,1185,2,2,185.86
7558,628,2,3,550.54
7559,678,1,3,40.31
7560,696,1,2,27.68
7561,1379,3,1,33.78
7562,1337,1,2,52.41
7563,1140,2,1,562.58
7564,598,1,2,37.40
7565,506,1,1,10.82
7566,875,1,3,19.63
7567,1353,1,3,51.81
7568,1186,3,1,52.35
7569,1212,2,2,557.61
7570,61,3,1,17.26
7571,185,1,1,45.52
7572,260,1,2,30.92
7573,994,1,3,49.96
7574,734,1,3,23.20
7575,870,1,2,13.39
7576,600,1,3,8.81
7577,1259,4,2,681.60
7578,701,1,1,25.28
7579,275,1,3,30.84
7580,644,4,1,1353.45
7581,22,1,1,44.11
7582,794,3,1,231.22
7583,433,1,3,33.08
7584,1429,1,3,9.90
7585,1454,2,3,305.88
7586,927,1,3,29.51
7587,107,2,3,291.83
7588,918,4,1,1883.51
7589,661,1,3,51.99
7590,742,3,2,103.96
7591,906,4,2,721.99
7592,1113,2,1,455.01
7593,1075,1,3,14.51
7594,1418,1,2,49.19
7595,948,1,3,32.55
7596,1321,1,2,31.54
7597,825,1,3,41.63
7598,1254,1,2,35.07
7599,523,2,3,198.84
7600,192,1,2,30.52
7601,1380,4,1,1607.26
7602,1002,1,2,50.31
7603,904,1,2,32.23
7604,1451,3,1,242.18
7605,171,2,3,480.92
7606,625,1,1,8.35
7607,394,3,3,254.37
7608,1117,1,2,33.48
7609,945,1,2,39.60
7610,1174,1,1,53.17
7611,319,1,3,34.77
7612,1377,3,2,66.90
7613,569,1,3,44.31
7614,677,1,3,22.24
7615,608,3,3,258.87
7616,163,1,1,29.60
7617,805,1,3,54.36
7618,838,1,3,36.71
7619,1071,1,2,48.05
7620,925,1,1,49.97
7621,107,1,3,16.60
7622,742,1,1,44.74
7623,598,1,1,5.65
7624,342,1,2,43.43
7625,521,1,2,24.40
7626,216,1,2,12.44
7627,745,2,3,302.62
7628,1066,2,3,435.28
7629,684,2,2,175.32
7630,799,1,3,54.12
7631,1326,2,2,542.04
7632,602,4,1,1847.63
7633,1263,3,2,210.95
7634,1036,2,3,620.08
7635,308,1,2,9.48
7636,1347,3,3,223.33
7637,698,3,1,591.58
7638,258,1,3,18.12
7639,1341,2,2,545.99
7640,1354,1,2,16.86
7641,146,1,2,52.28
7642,1233,5,3,281.42
7643,993,3,3,142.08
7644,790,1,1,15.75
7645,1084,1,3,46.80
7646,55,4,1,809.48
7647,630,4,3,1664.66
7648,1338,2,3,501.12
7649,14,1,2,13.39
7650,465,1,1,35.01
7651,967,1,3,7.81
7652,1231,2,2,104.44
7653,472,1,3,11.25
7654,976,5,1,103.21
7655,1314,1,1,42.21
7656,410,3,2,67.11
7657,828,1,3,30.46
7658,1334,1,1,21.58
7659,1267,2,3,568.12
7660,1342,1,1,20.22
7661,1216,3,3,171.66
7662,234,3,3,222.84
7663,1323,1,1,31.59
7664,838,1,1,26.03
7665,575,1,3,7.35
7666,44,1,3,23.27
7667,1325,3,3,182.04
7668,829,1,1,44.25
7669,905,1,1,22.39
7670,1386,3,1,499.58
7671,1109,1,1,40.24
7672,728,3,3,405.78
7673,354,1,2,3.59
7674,1405,1,1,36.79
7675,327,1,2,43.82
7676,580,1,3,48.47
7677,1275,1,1,22.44
7678,415,1,2,14.38
7679,1362,3,3,671.12
7680,756,1,2,54.96
7681,993,2,2,633.63
7682,755,1,3,41.77
7683,529,1,1,22.36
7684,1164,1,2,28.16
7685,672,1,3,21.04
7686,1086,1,2,25.78
7687,709,3,3,74.34
7688,703,1,3,8.83
7689,490,1,3,41.87
7690,991,1,1,42.83
7691,1093,1,2,42.13
7692,1427,4,2,1868.14
7693,1118,1,2,30.89
7694,140,1,1,4.20
7695,791,1,3,6.22
7696,784,3,1,223.28
7697,439,1,3,9.85
7698,727,2,1,282.30
7699,846,1,1,3.47
7700,1007,1,1,3.75
7701,1152,2,3,414.93
7702,28,1,1,51.74
7703,1008,1,3,20.26
7704,415,2,3,381.84
7705,97,2,1,151.36
7706,171,1,3,29.57
7707,128,2,2,280.90
7708,851,1,3,14.55
7709,623,1,1,4.74
7710,211,1,1,30.62
7711,181,1,3,27.80
7712,134,1,3,50.04
7713,1081,3,2,119.98
7714,680,1,1,23.89
7715,949,1,3,33.04
7716,276,5,3,204.31
7717,1400,2,2,434.64
7718,866,3,3,200.35
7719,1107,1,2,19.37
7720,1136,1,2,30.37
7721,1119,1,2,21.13
7722,787,2,1,185.92
7723,763,1,1,34.34
7724,693,1,1,41.75
7725,477,4,1,1601.22
7726,766,4,1,1649.27
7727,1012,1,2,11.79
7728,1392,1,1,36.21
7729,973,3,2,275.48
7730,384,3,1,54.60
7731,469,2,2,487.69
7732,840,1,1,17.03
7733,1154,1,2,45.80
7734,173,2,3,221.69
7735,261,2,2,88.96
7736,1004,3,3,79.70
7737,797,1,1,10.92
7738,178,2,1,574.99
7739,570,1,3,9.96
7740,820,6,2,15.76
7741,589,2,3,113.84
7742,1400,1,2,52.74
7743,333,1,2,3.98
7744,415,3,1,295.10
7745,919,1,1,25.12
7746,1409,1,3,7.75
7747,1073,1,3,20.28
7748,1027,3,1,125.90
7749,567,2,1,192.84
7750,1157,3,1,201.50
7751,1190,1,2,36.71
7752,803,2,1,483.41
7753,494,1,3,27.44
7754,293,4,2,1025.00
7755,671,1,2,30.51
7756,370,1,1,9.06
7757,838,2,1,459.52
7758,367,6,3,231.04
7759,169,4,2,1288.80
7760,530,1,2,44.93
7761,942,2,1,519.29
7762,1461,3,1,144.81
7763,1391,1,2,52.33
7764,1326,1,2,24.95
7765,752,1,3,32.84
7766,134,1,1,23.38
7767,523,1,3,47.56
7768,497,3,2,290.79
7769,46,1,1,14.22
7770,573,1,1,44.25
7771,1065,3,2,56.35
7772,12,1,3,32.50
7773,866,1,2,20.79
7774,176,3,3,43.98
7775,613,1,3,34.14
7776,721,3,3,229.00
7777,1251,1,3,32.82
7778,872,4,3,2016.72
7779,562,2,2,232.64
7780,739,1,2,23.52
7781,845,1,1,27.98
7782,1134,1,2,50.66
7783,801,1,3,20.25
7784,1309,1,3,26.00
7785,924,1,3,16.10
7786,171,1,1,26.97
7787,531,1,2,42.08
7788,172,5,2,330.22
7789,381,3,1,177.16
7790,1304,3,3,52.62
7791,1089,1,2,50.09
7792,1392,3,3,293.79
7793,176,1,2,27.76
7794,135,1,1,48.46
7795,133,1,3,50.37
7796,913,6,2,85.96
7797,1048,1,3,39.61
7798,1291,1,1,54.42
7799,630,1,2,34.12
7800,1333,1,2,49.34
7801,898,1,2,3.78
7802,707,2,2,380.34
7803,188,3,2,32.49
7804,369,1,2,23.06
7805,188,3,1,150.51
7806,592,2,3,273.32
7807,611,4,2,715.00
7808,1172,1,3,41.22
7809,1458,1,2,25.05
7810,1343,3,1,69.14
7811,1305,1,2,26.96
7812,907,1,1,21.63
7813,412,1,1,36.98
7814,1358,3,2,124.75
7815,868,1,2,13.34
7816,157,3,2,199.60
7817,571,1,3,50.96
7818,556,3,3,298.85
7819,1100,1,3,46.19
7820,851,1,1,28.05
7821,719,1,2,30.78
7822,1115,1,2,42.71
7823,133,1,1,21.33
7824,828,1,1,9.73
7825,268,1,1,4.72
7826,83,1,2,28.48
7827,890,1,3,26.12
7828,511,2,3,213.48
7829,651,1,2,5.89
7830,121,3,3,22.96
7831,872,1,1,29.20
7832,4,3,3,191.58
7833,1365,1,3,33.01
7834,198,3,3,126.02
7835,894,1,2,39.14
7836,156,2,1,306.94
7837,701,4,2,843.58
7838,1374,3,3,231.33
7839,996,1,2,40.90
7840,462,2,1,88.34
7841,102,1,3,22.40
7842,796,1,1,49.79
7843,582,3,2,275.00
7844,765,1,1,18.16
7845,385,2,1,342.36
7846,1427,1,1,49.96
7847,1118,4,1,881.55
7848,316,1,3,37.74
7849,658,6,3,189.90
7850,1064,2,3,166.86
7851,1367,1,3,5.06
7852,1131,1,3,36.38
7853,875,1,1,29.12
7854,1213,2,3,646.06
7855,303,1,3,52.87
7856,1154,3,3,389.38
7857,271,4,2,1325.87
7858,1294,3,3,203.47
7859,1119,3,1,40.55
7860,1372,3,2,269.86
7861,623,3,2,198.54
7862,599,1,2,9.28
7863,915,2,2,338.23
7864,1170,1,1,29.61
7865,1036,2,1,237.24
7866,446,1,1,50.86
7867,223,1,2,32.66
7868,309,1,2,40.64
7869,409,3,1,913.51
7870,971,2,1,359.26
7871,981,1,2,16.30
7872,1432,1,3,40.71
7873,1173,2,1,617.24
7874,1288,1,3,36.60
7875,339,1,3,40.94
7876,991,3,2,108.98
7877,580,1,2,16.30
7878,1435,1,3,25.85
7879,993,1,3,46.86
7880,50,3,1,281.70
7881,354,1,3,24.34
7882,500,1,2,27.80
7883,535,1,2,9.52
7884,1079,4,2,512.32
7885,213,1,3,44.53
7886,342,1,1,24.48
7887,568,1,2,42.29
7888,713,3,1,37.62
7889,736,2,2,118.97
7890,735,4,1,1289.72
7891,883,3,1,60.66
7892,1353,3,2,276.16
7893,176,1,3,12.65
7894,493,1,1,19.67
7895,413,1,3,36.49
7896,115,2,2,608.92
7897,262,2,3,209.09
7898,739,1,2,33.54
7899,1246,2,3,509.89
7900,953,5,1,349.54
7901,82,1,3,52.29
7902,336,1,1,6.41
7903,1285,1,2,18.44
7904,678,2,1,474.23
7905,83,1,3,18.69
7906,1019,1,3,13.17
7907,526,2,1,127.01
7908,1301,1,1,39.42
7909,724,1,1,32.57
7910,1278,1,2,27.03
7911,1322,2,1,466.78
7912,89,1,3,23.32
7913,1163,2,2,237.32
7914,156,4,2,868.69
7915,1236,3,2,146.05
7916,1375,1,2,47.28
7917,1073,2,1,206.53
7918,1293,1,3,52.56
7919,370,3,1,793.69
7920,137,4,1,813.87
7921,707,1,1,13.60
7922,487,1,2,28.88
7923,477,3,2,249.88
7924,724,1,1,48.93
7925,1319,1,2,40.33
7926,1131,1,3,42.81
7927,909,1,2,14.01
7928,28,3,3,63.02
7929,754,4,1,767.93
7930,555,2,3,148.97
7931,979,3,1,163.63
7932,880,1,1,49.86
7933,295,1,1,4.93
7934,368,6,3,42.45
7935,545,2,2,556.98
7936,672,2,2,85.90
7937,1211,1,2,44.45
7938,1233,1,3,44.03
7939,436,1,1,51.94
7940,1357,1,1,54.74
7941,1188,1,2,48.07
7942,1237,1,1,44.63
7943,854,2,3,343.31
7944,64,2,3,529.94
7945,1406,3,1,39.92
7946,1225,1,1,3.92
7947,179,1,1,17.06
7948,525,1,3,21.61
7949,1055,1,3,6.35
7950,1235,2,2,396.92
7951,831,3,1,255.24
7952,1455,1,2,21.21
7953,681,2,3,415.05
7954,594,1,1,36.07
7955,518,1,2,45.26
7956,656,1,3,19.04
7957,646,1,1,32.73
7958,480,1,2,26.98
7959,193,3,1,270.47
7960,916,1,1,27.81
7961,1349,1,3,11.67
7962,1298,1,1,17.39
7963,223,2,1,441.33
7964,280,3,2,216.22
7965,159,1,1,43.39
7966,1069,1,3,34.19
7967,1366,1,3,44.29
7968,474,1,3,45.04
7969,1221,2,3,574.52
7970,867,1,2,54.39
7971,1397,2,3,187.69
7972,1437,3,1,333.41
7973,1099,2,1,121.12
7974,1139,3,2,843.31
7975,597,2,2,432.79
7976,302,1,1,31.01
7977,182,1,1,40.30
7978,1438,1,3,54.38
7979,851,3,3,134.46
7980,52,3,1,680.71
7981,85,1,2,19.66
7982,763,5,3,204.58
7983,1440,1,3,33.38
7984,477,1,2,36.63
7985,912,1,1,28.60
7986,1438,1,3,33.71
7987,359,3,2,631.66
7988,167,1,3,35.91
7989,1149,1,2,19.61
7990,653,1,1,27.20
7991,962,6,3,246.11
7992,259,1,2,15.90
7993,418,4,2,554.56
7994,1419,1,2,33.41
7995,1307,1,3,4.10
7996,1171,2,3,604.13
7997,363,2,1,173.01
7998,348,1,2,46.69
7999,516,1,1,47.00
8000,74,3,3,195.09
8001,291,2,2,446.69
8002,30,1,1,44.61
8003,1221,3,3,178.89
8004,318,1,2,5.81
8005,416,2,3,626.20
8006,259,1,2,54.25
8007,483,1,1,50.91
8008,176,1,3,15.41
8009,34,3,1,236.80
8010,286,6,3,81.96
8011,631,3,2,502.72
8012,105,1,3,38.91
8013,714,1,3,45.13
8014,412,1,1,16.76
8015,763,4,2,1884.63
8016,100,3,3,1018.95
8017,54,1,1,28.43
8018,737,3,1,204.48
8019,1039,3,1,815.43
8020,1409,1,1,34.41
8021,1065,3,1,659.99
8022,650,1,3,21.21
8023,461,1,3,38.99
8024,1121,4,2,1443.05
8025,543,2,2,535.58
8026,1259,5,3,358.27
8027,1258,2,1,580.57
8028,1228,1,1,28.88
8029,1375,3,2,114.03
8030,681,1,1,53.22
8031,279,1,3,5.43
8032,741,2,1,530.77
8033,683,2,2,172.94
8034,289,6,1,103.18
8035,1360,3,2,179.38
8036,1248,3,2,337.85
8037,1048,1,2,13.32
8038,352,3,3,67.91
8039,1399,3,3,149.63
8040,315,3,2,255.96
8041,1058,1,1,15.88
8042,1434,1,1,9.83
8043,1369,3,3,175.58
8044,387,1,2,12.93
8045,120,1,2,26.88
8046,368,2,1,423.58
8047,1419,1,2,19.90
8048,409,1,3,10.28
8049,510,3,1,157.82
8050,706,1,2,44.65
8051,1255,3,2,18.69
8052,110,1,1,16.85
8053,590,3,3,276.38
8054,1347,1,3,10.42
8055,793,1,3,48.35
8056,735,1,2,54.54
8057,30,1,1,30.93
8058,119,2,1,491.27
8059,175,1,3,21.48
8060,859,1,1,3.99
8061,25,2,2,411.20
8062,315,1,2,35.89
8063,175,1,2,20.73
8064,9,1,2,40.03
8065,1340,1,2,39.37
8066,808,2,2,576.26
8067,1103,2,3,294.85
8068,550,1,3,34.27
8069,962,3,1,34.72
8070,1050,1,1,19.36
8071,876,1,2,12.87
8072,771,1,2,5.11
8073,1036,1,2,36.79
8074,505,1,1,23.27
8075,676,3,3,45.06
8076,1368,1,2,49.10
8077,1249,2,1,223.02
8078,454,2,2,273.51
8079,1080,1,1,54.06
8080,89,1,3,30.36
8081,230,3,1,128.36
8082,1135,1,3,10.52
8083,1382,1,1,10.61
8084,1199,1,3,33.64
8085,207,1,2,35.58
8086,1108,1,2,35.81
8087,478,1,3,27.39
8088,566,3,2,17.10
8089,655,3,2,514.78
8090,688,4,3,566.97
8091,441,1,3,33.92
8092,1313,1,1,9.60
8093,249,1,3,37.52
8094,412,4,1,1258.44
8095,1279,4,2,1808.30
8096,125,2,3,624.18
8097,681,1,2,47.31
8098,278,1,3,48.59
8099,1451,1,3,50.39
8100,512,3,2,134.04
8101,479,1,1,38.64
8102,1405,1,2,46.17
8103,431,3,1,209.16
8104,926,1,2,7.29
8105,790,1,2,24.29
8106,745,1,1,53.11
8107,374,1,1,21.96
8108,770,1,1,51.66
8109,1068,3,3,258.16
8110,316,1,3,27.06
8111,769,1,3,14.79
8112,1111,4,2,1206.03
8113,168,1,1,13.11
8114,701,1,2,19.37
8115,1217,1,3,51.97
8116,358,2,3,619.85
8117,496,1,1,46.22
8118,150,3,3,260.25
8119,875,2,2,118.35
8120,1111,1,2,44.46
8121,1414,1,1,5.05
8122,415,3,2,232.66
8123,955,1,1,19.81
8124,849,1,3,31.70
8125,807,2,1,115.86
8126,1339,1,3,45.43
8127,1342,2,2,91.37
8128,396,2,1,551.82
8129,1166,3,3,203.02
8130,265,2,3,514.93
8131,467,2,1,123.10
8132,787,1,1,26.43
8133,925,2,1,225.74
8134,881,2,2,428.97
8135,260,1,2,33.46
8136,1404,1,1,48.05
8137,843,1,1,27.92
8138,915,2,2,146.33
8139,1269,1,3,28.18
8140,1034,1,3,52.55
8141,925,3,1,265.78
8142,326,1,1,31.20
8143,22,1,3,31.80
8144,1296,1,3,39.31
8145,1167,1,2,37.19
8146,745,3,3,298.29
8147,261,1,3,41.41
8148,410,3,1,678.68
8149,441,1,2,39.76
8150,479,1,3,20.34
8151,1368,1,1,14.29
8152,710,3,1,64.33
8153,938,2,2,160.04
8154,195,1,1,30.34
8155,955,1,3,19.51
8156,801,1,2,51.51
8157,682,1,3,12.72
8158,171,1,1,50.40
8159,361,4,3,1769.48
8160,346,2,2,525.26
8161,851,3,3,43.42
8162,1044,1,1,44.06
8163,1456,3,1,271.28
8164,650,1,1,24.74
8165,1307,1,1,23.28
8166,209,3,1,278.49
8167,168,1,3,27.35
8168,769,3,1,167.33
8169,1288,2,3,169.11
8170,274,2,3,541.27
8171,1441,3,3,256.09
8172,1237,2,2,505.05
8173,429,1,2,47.78
8174,695,3,1,468.83
8175,39,2,3,152.78
8176,347,3,3,29.87
8177,829,3,3,219.13
8178,1046,3,1,182.51
8179,1160,1,3,13.87
8180,621,1,2,31.37
8181,1088,3,3,55.00
8182,369,1,2,37.53
8183,535,3,2,196.51
8184,299,1,3,11.85
8185,842,2,1,274.65
8186,654,1,1,31.32
8187,1326,1,2,8.32
8188,201,6,3,65.95
8189,992,2,1,162.45
8190,402,1,1,29.25
8191,430,2,2,609.93
8192,213,1,1,26.03
8193,878,1,1,10.69
8194,1427,1,2,14.55
8195,1400,1,1,42.56
8196,504,1,1,15.58
8197,850,1,2,11.87
8198,521,1,1,27.50
8199,822,1,2,18.35
8200,1425,1,3,8.82
8201,1160,1,1,50.07
8202,501,1,3,22.28
8203,1116,4,3,964.36
8204,236,4,2,2152.69
8205,181,1,2,10.18
8206,966,3,1,90.38
8207,901,1,3,38.25
8208,93,1,3,24.64
8209,906,1,1,14.03
8210,1382,1,1,14.15
8211,469,1,2,24.95
8212,821,1,1,15.95
8213,887,2,2,422.48
8214,258,1,2,51.91
8215,1281,1,3,48.19
8216,1197,2,2,547.89
8217,905,1,3,3.80
8218,748,1,2,37.13
8219,935,1,1,5.81
8220,568,1,2,52.48
8221,769,1,2,6.87
8222,480,2,3,399.27
8223,180,3,3,279.05
8224,523,2,2,197.61
8225,529,3,2,33.68
8226,944,3,1,209.75
8227,57,3,3,107.36
8228,362,1,1,7.25
8229,502,1,1,53.34
8230,244,2,1,156.71
8231,382,1,2,41.85
8232,497,3,3,231.73
8233,1123,3,1,61.32
8234,334,1,1,24.41
8235,760,1,1,53.74
8236,831,3,1,184.55
8237,1067,1,2,9.03
8238,1258,3,3,987.02
8239,921,1,1,29.81
8240,1433,4,3,770.66
8241,1252,1,3,49.98
8242,540,2,1,267.31
8243,137,3,1,264.69
8244,1012,1,1,40.27
8245,78,1,1,4.54
8246,1328,1,2,34.92
8247,1457,1,3,4.91
8248,886,1,2,27.20
8249,602,1,2,39.84
8250,613,2,3,150.47
8251,10,1,2,12.48
8252,1150,1,1,15.58
8253,1116,2,2,167.05
8254,47,1,1,22.17
8255,1113,1,2,32.22
8256,245,3,2,52.69
8257,340,4,2,940.64
8258,1307,1,2,16.58
8259,1278,6,1,194.81
8260,853,4,3,548.45
8261,1108,4,2,1178.58
8262,872,1,3,3.88
8263,1075,2,3,537.84
8264,555,2,3,265.27
8265,104,3,2,198.02
8266,887,3,1,215.34
8267,1097,3,2,151.07
8268,1219,2,3,126.23
8269,194,1,3,47.53
8270,756,3,2,247.41
8271,240,1,3,35.85
8272,252,1,2,25.65
8273,1390,3,2,167.57
8274,1418,1,1,44.30
8275,213,4,2,2174.83
8276,725,1,3,45.50
8277,295,1,3,4.42
8278,590,1,3,32.09
8279,994,2,1,103.93
8280,428,5,1,159.44
8281,213,3,3,155.49
8282,248,3,2,18.32
8283,1097,2,3,179.29
8284,957,3,2,54.98
8285,417,3,2,116.19
8286,558,1,1,36.04
8287,897,1,3,24.02
8288,833,1,1,25.00
8289,953,2,2,503.09
8290,1116,4,1,1224.52
8291,239,1,2,24.31
8292,917,1,2,7.12
8293,1221,2,3,244.54
8294,499,2,1,409.24
8295,664,1,2,34.43
8296,183,1,1,12.42
8297,1379,1,3,51.84
8298,1402,1,3,41.70
8299,399,1,2,18.32
8300,581,1,3,30.63
8301,680,6,1,189.68
8302,513,2,1,144.31
8303,1442,1,1,54.75
8304,1392,1,1,9.29
8305,776,2,2,211.56
8306,338,1,2,35.68
8307,1147,1,2,52.29
8308,122,1,2,50.14
8309,661,3,1,205.72
8310,601,1,2,25.65
8311,146,3,2,45.12
8312,32,1,1,39.36
8313,149,1,3,36.81
8314,1135,1,3,5.11
8315,1050,2,3,142.78
8316,423,1,2,26.59
8317,1416,1,2,31.10
8318,408,4,3,2146.66
8319,434,1,1,29.91
8320,197,2,1,96.50
8321,429,1,1,4.07
8322,447,2,1,241.41
8323,319,1,3,33.13
8324,981,1,2,12.40
8325,1054,2,1,346.62
8326,197,2,2,409.02
8327,533,1,1,30.86
8328,517,4,3,1308.97
8329,1109,1,3,44.54
8330,985,2,1,519.77
8331,413,3,3,97.47
8332,1335,4,2,968.20
8333,1141,3,1,259.82
8334,586,1,2,46.86
8335,705,1,2,54.03
8336,723,2,2,223.13
8337,431,4,1,561.36
8338,991,1,3,34.05
8339,537,1,2,29.23
8340,1351,2,3,303.19
8341,450,2,1,101.83
8342,1267,1,1,48.31
8343,259,1,1,38.44
8344,978,1,2,32.84
8345,1355,2,2,548.48
8346,637,4,1,1395.52
8347,710,3,2,137.93
8348,976,4,3,1894.08
8349,880,1,1,16.04
8350,576,1,3,47.56
8351,1095,3,2,184.75
8352,265,1,1,46.09
8353,120,1,3,32.79
8354,1219,1,1,21.41
8355,611,1,2,49.77
8356,853,1,1,14.48
8357,12,1,1,15.49
8358,460,4,1,525.95
8359,559,1,1,45.40
8360,1136,3,1,56.25
8361,1441,1,1,49.86
8362,604,2,1,619.01
8363,300,1,1,44.70
8364,1014,1,3,6.95
8365,775,1,2,17.31
8366,580,2,3,366.19
8367,818,3,1,135.57
8368,1271,1,1,31.50
8369,868,1,1,18.02
8370,585,1,3,22.49
8371,748,1,3,34.32
8372,341,1,1,12.19
8373,1215,1,3,45.93
8374,910,3,3,440.54
8375,202,2,2,623.86
8376,319,3,3,1179.34
8377,110,1,3,39.84
8378,1295,1,3,4.14
8379,398,2,1,210.79
8380,1366,1,3,26.59
8381,528,1,2,27.66
8382,1040,2,3,595.41
8383,770,1,1,11.18
8384,473,1,1,27.93
8385,653,1,3,24.85
8386,383,1,3,35.64
8387,339,3,3,292.25
8388,431,1,1,30.81
8389,474,1,3,18.20
8390,718,1,1,54.63
8391,496,1,2,4.69
8392,580,3,1,23.18
8393,474,3,3,113.96
8394,199,1,1,34.57
8395,852,1,1,26.74
8396,336,3,1,274.12
8397,1025,1,2,24.37
8398,648,3,1,144.68
8399,985,1,3,14.05
8400,656,1,1,13.13
8401,553,2,1,408.43
8402,966,1,3,53.48
8403,9,1,1,19.95
8404,1221,2,1,527.45
8405,84,1,2,51.45
8406,251,5,1,363.45
8407,12,1,2,49.06
8408,1155,4,1,2129.13
8409,775,3,1,603.04
8410,345,1,3,6.49
8411,1444,2,3,557.40
8412,1259,4,1,1072.70
8413,1396,1,3,33.47
8414,795,5,1,107.61
8415,129,2,2,510.01
8416,983,2,3,189.97
8417,755,1,2,29.50
8418,52,2,3,136.47
8419,704,1,2,33.11
8420,774,4,3,507.65
8421,948,2,1,520.12
8422,1364,3,1,220.79
8423,290,1,1,4.34
8424,1373,3,1,17.95
8425,224,1,2,14.29
8426,189,1,3,29.02
8427,1363,1,3,10.64
8428,761,1,2,3.87
8429,987,1,2,18.88
8430,1074,1,1,12.25
8431,398,3,1,733.85
8432,121,1,2,28.52
8433,572,3,2,1189.76
8434,1131,3,1,126.15
8435,154,4,2,612.89
8436,715,1,3,8.42
8437,1283,1,2,54.06
8438,1177,4,2,652.46
8439,1365,1,1,7.22
8440,23,2,3,456.50
8441,746,1,1,49.40
8442,984,6,2,240.61
8443,656,4,1,559.89
8444,967,2,1,221.31
8445,209,1,3,46.41
8446,1219,1,3,49.00
8447,910,1,2,35.89
8448,531,1,3,4.48
8449,739,1,3,9.91
8450,755,2,2,424.41
8451,51,1,3,40.17
8452,905,1,1,54.17
8453,202,1,1,14.13
8454,158,1,1,13.62
8455,822,1,3,25.42
8456,1094,1,1,13.70
8457,407,1,3,5.50
8458,915,3,2,1072.47
8459,995,3,1,45.07
8460,203,1,1,12.49
8461,689,3,3,867.77
8462,924,2,3,431.66
8463,1447,3,2,246.20
8464,1441,3,1,72.54
8465,346,3,3,137.67
8466,1284,3,3,272.57
8467,143,1,1,21.45
8468,1120,1,3,26.53
8469,900,2,1,386.77
8470,576,2,2,433.24
8471,514,3,2,213.06
8472,160,2,2,389.18
8473,1219,3,1,210.73
8474,482,1,3,30.12
8475,1184,1,3,39.74
8476,568,1,3,6.01
8477,1419,3,1,110.50
8478,549,1,3,13.11
8479,890,2,1,510.24
8480,352,3,2,243.76
8481,534,1,1,38.93
8482,1100,1,2,30.33
8483,724,1,1,37.69
8484,402,1,3,19.59
8485,300,1,3,33.22
8486,579,1,2,7.52
8487,1005,1,3,44.24
8488,295,2,3,646.66
8489,1226,1,1,8.32
8490,991,1,2,5.98
8491,812,1,2,23.64
8492,1234,1,3,17.34
8493,322,4,1,1504.44
8494,272,1,3,40.18
8495,1,2,1,573.62
8496,324,1,2,46.37
8497,716,6,3,134.15
8498,153,1,2,16.30
8499,864,2,3,88.01
8500,955,2,3,138.05
8501,1059,3,2,288.08
8502,181,4,3,1874.63
8503,349,3,1,138.13
8504,150,1,1,50.60
8505,68,1,3,38.84
8506,814,2,3,256.85
8507,198,2,1,530.16
8508,124,1,2,45.79
8509,1089,3,1,166.89
8510,577,1,1,25.14
8511,850,1,1,14.52
8512,363,3,1,232.46
8513,1012,1,2,49.56
8514,9,1,2,28.13
8515,1338,4,1,1426.25
8516,923,1,2,45.91
8517,31,1,1,45.42
8518,758,1,2,33.73
8519,1195,1,2,40.72
8520,1429,1,2,38.25
8521,312,1,3,50.72
8522,1439,1,3,39.44
8523,1213,1,2,41.58
8524,883,1,1,15.76
8525,157,2,1,638.86
8526,991,3,2,408.67
8527,213,3,1,52.32
8528,1271,3,1,194.06
8529,1015,3,1,194.32
8530,783,2,3,138.62
8531,971,6,2,93.26
8532,102,2,3,229.39
8533,169,2,2,533.96
8534,1452,1,1,4.94
8535,61,1,1,18.30
8536,974,1,1,27.64
8537,625,3,3,194.85
8538,1436,5,2,302.52
8539,175,2,1,491.45
8540,1242,1,1,22.37
8541,1304,1,1,3.03
8542,1122,1,2,50.73
8543,1399,1,1,36.49
8544,970,2,1,443.93
8545,583,2,3,575.90
8546,225,1,1,33.81
8547,940,3,2,139.98
8548,243,1,2,18.64
8549,1143,1,2,42.14
8550,876,3,3,292.63
8551,720,3,1,160.52
8552,755,2,3,322.80
8553,943,1,3,39.95
8554,379,1,1,4.33
8555,463,1,2,6.19
8556,760,2,3,625.72
8557,744,1,1,28.32
8558,793,1,3,31.32
8559,1340,2,3,465.24
8560,1300,1,3,11.62
8561,1169,1,1,44.38
8562,1059,1,1,24.56
8563,442,1,3,19.94
8564,1356,1,2,51.18
8565,592,1,3,19.48
8566,298,3,2,74.35
8567,113,2,3,151.72
8568,135,1,1,35.87
8569,939,2,2,580.92
8570,967,1,1,46.82
8571,1262,3,2,194.20
8572,271,1,3,9.16
8573,100,1,1,41.87
8574,643,1,3,14.36
8575,642,6,2,68.32
8576,106,3,3,285.38
8577,1250,1,3,18.43
8578,100,3,1,771.41
8579,564,1,3,17.88
8580,541,4,3,1582.28
8581,83,1,2,38.16
8582,109,1,3,23.74
8583,579,2,2,303.63
8584,1451,3,2,32.66
8585,602,2,1,610.03
8586,301,1,1,29.06
8587,606,3,1,66.89
8588,852,1,1,25.68
8589,672,1,1,45.56
8590,731,3,1,271.49
8591,829,3,3,115.39
8592,1098,1,2,8.35
8593,1116,1,1,5.63
8594,1425,4,1,774.38
8595,1036,3,3,204.84
8596,802,2,1,358.91
8597,1303,1,3,27.06
8598,1232,3,2,176.85
8599,275,1,1,39.15
8600,9,1,2,15.23
8601,1388,2,3,174.42
8602,1346,2,1,404.85
8603,936,3,2,154.64
8604,24,2,3,522.70
8605,1242,3,2,1118.33
8606,839,3,3,745.51
8607,732,1,1,8.53
8608,39,1,2,5.69
8609,1125,1,2,26.25
8610,46,3,2,152.70
8611,257,2,3,588.93
8612,151,1,1,43.12
8613,769,1,3,14.80
8614,616,1,2,10.76
8615,696,1,1,13.54
8616,604,1,2,31.41
8617,1229,1,1,15.42
8618,1393,1,3,22.00
8619,694,2,3,95.62
8620,1016,1,2,9.90
8621,707,1,3,21.07
8622,1363,2,1,460.96
8623,436,1,3,21.88
8624,1270,3,3,271.06
8625,442,1,1,13.34
8626,914,1,3,39.07
8627,299,4,1,1904.16
8628,286,1,2,9.24
8629,897,2,3,201.64
8630,609,2,2,94.93
8631,1340,1,3,34.97
8632,271,4,3,1304.05
8633,516,4,1,1910.82
8634,101,1,3,11.78
8635,685,1,2,18.97
8636,459,1,3,20.28
8637,852,3,2,214.35
8638,622,1,2,42.63
8639,1170,1,1,18.39
8640,100,1,2,24.01
8641,170,1,2,39.21
8642,1423,2,3,137.48
8643,1030,1,1,43.93
8644,620,1,2,50.34
8645,854,2,2,105.22
8646,1238,1,1,45.98
8647,372,1,1,33.12
8648,1439,1,3,44.93
8649,846,1,1,15.86
8650,1121,1,2,32.07
8651,1054,1,3,36.05
8652,589,1,1,47.44
8653,1206,3,1,64.49
8654,1016,1,1,23.56
8655,184,1,1,26.77
8656,1003,3,1,390.32
8657,807,1,1,41.40
8658,1238,1,3,49.62
8659,1101,3,1,122.46
8660,429,1,3,19.87
8661,1310,1,1,27.37
8662,1170,3,2,30.89
8663,1449,1,1,25.22
8664,1035,2,3,616.80
8665,511,3,1,67.26
8666,352,2,3,456.25
8667,1401,1,3,44.92
8668,683,1,3,39.56
8669,216,1,1,23.13
8670,76,4,1,359.41
8671,1434,5,3,232.73
8672,141,1,2,11.97
8673,1415,1,3,15.99
8674,1308,3,3,154.17
8675,494,5,3,330.60
8676,703,3,1,278.34
8677,812,1,2,7.69
8678,431,3,3,255.63
8679,1173,1,1,5.05
8680,637,2,2,369.68
8681,36,1,2,43.94
8682,14,1,3,20.63
8683,582,1,1,9.42
8684,802,1,1,19.06
8685,95,1,1,45.55
8686,1074,3,3,38.50
8687,625,1,1,11.89
8688,883,1,3,18.71
8689,1435,1,1,53.26
8690,507,1,2,4.38
8691,1145,2,1,401.20
8692,310,3,2,196.83
8693,915,1,2,4.06
8694,202,1,2,37.72
8695,1164,1,1,53.70
8696,1421,3,1,170.18
8697,90,1,1,41.52
8698,211,1,1,31.78
8699,1001,1,3,28.54
8700,240,1,3,20.58
8701,1167,3,3,179.94
8702,189,2,2,365.68
8703,1433,3,2,1114.38
8704,515,2,2,512.13
8705,1040,3,2,626.22
8706,656,2,3,396.50
8707,15,3,3,109.80
8708,475,1,3,48.64
8709,176,4,2,1751.94
8710,397,2,1,289.28
8711,474,2,2,635.90
8712,1063,2,1,474.45
8713,1433,3,1,144.51
8714,543,1,3,52.55
8715,306,1,2,33.39
8716,1320,4,3,702.64
8717,1410,1,1,27.20
8718,483,1,2,41.13
8719,1376,1,2,40.35
8720,1461,1,1,52.66
8721,441,3,2,53.78
8722,995,1,2,7.21
8723,153,1,3,6.89
8724,1087,1,3,36.28
8725,608,2,3,327.84
8726,1283,1,3,38.44
8727,1322,3,2,208.22
8728,946,1,3,13.75
8729,392,1,3,4.52
8730,1246,1,2,53.32
8731,827,2,2,283.77
8732,1129,3,1,275.70
8733,1241,2,3,519.89
8734,1223,1,3,6.74
8735,511,1,3,4.96
8736,413,1,3,38.31
8737,601,1,2,30.64
8738,838,2,3,367.66
8739,537,1,2,31.57
8740,558,2,2,175.79
8741,113,1,2,15.51
8742,546,1,1,52.88
8743,1455,2,1,602.32
8744,506,1,1,22.42
8745,1346,3,3,158.88
8746,80,1,1,50.63
8747,994,2,2,421.99
8748,384,5,1,95.95
8749,161,2,3,129.76
8750,576,1,1,52.04
8751,84,1,2,53.32
8752,622,1,1,34.57
8753,526,1,1,45.78
8754,577,1,2,49.56
8755,193,1,3,29.11
8756,1078,1,3,27.07
8757,505,1,1,3.33
8758,649,1,2,32.46
8759,1282,2,2,489.64
8760,118,3,1,133.29
8761,1146,1,3,13.85
8762,1,6,1,38.26
8763,62,6,3,85.81
8764,825,3,3,47.64
8765,177,4,1,1255.14
8766,1009,2,3,391.11
8767,71,1,3,30.73
8768,721,2,3,606.56
8769,1398,1,1,50.23
8770,95,3,2,195.54
8771,417,6,2,120.70
8772,829,2,2,627.67
8773,886,1,3,16.53
8774,380,1,3,16.43
8775,1120,1,3,21.10
8776,788,3,2,290.27
8777,683,3,2,834.07
8778,1326,3,3,87.40
8779,52,1,3,22.34
8780,727,1,3,53.40
8781,993,1,3,51.02
8782,541,1,2,45.00
8783,593,3,1,69.66
8784,568,1,3,31.52
8785,852,2,3,531.64
8786,1256,3,3,104.62
8787,38,3,1,299.49
8788,1232,2,3,628.54
8789,576,1,1,5.63
8790,759,1,3,5.99
8791,711,1,2,13.82
8792,1023,6,3,146.12
8793,563,2,3,600.60
8794,99,3,1,259.49
8795,65,1,2,25.76
8796,400,1,2,11.44
8797,343,1,1,24.17
8798,1365,1,2,47.53
8799,95,2,2,235.95
8800,780,1,2,22.62
8801,524,1,3,10.57
8802,692,2,2,243.88
8803,923,1,1,17.47
8804,1126,1,3,10.68
8805,171,3,3,39.96
8806,1461,1,3,44.55
8807,731,1,2,24.94
8808,1184,4,2,1580.41
8809,872,1,2,31.74
8810,195,1,2,8.83
8811,991,1,3,46.69
8812,1216,1,2,53.25
8813,797,1,3,50.63
8814,40,3,2,157.52
8815,1185,2,3,581.36
8816,1358,1,3,27.68
8817,446,1,1,37.85
8818,352,1,3,42.75
8819,1374,1,2,42.34
8820,1373,2,3,101.24
8821,820,4,3,585.36
8822,1455,1,2,53.21
8823,802,1,2,29.07
8824,846,3,1,183.61
8825,68,3,1,130.24
8826,300,1,1,11.81
8827,1301,2,1,266.15
8828,576,1,3,22.03
8829,427,3,3,63.06
8830,1282,1,3,16.65
8831,1405,3,2,524.76
8832,752,1,1,31.24
8833,772,1,2,52.70
8834,1272,2,3,252.28
8835,529,3,2,124.08
8836,1157,1,3,28.87
8837,944,2,3,117.97
8838,1267,3,1,48.37
8839,376,2,1,477.93
8840,1181,1,2,25.98
8841,1168,1,1,49.07
8842,412,1,2,53.68
8843,1116,2,3,364.78
8844,342,2,3,409.90
8845,274,1,2,45.37
8846,526,3,1,214.92
8847,1016,2,2,538.07
8848,404,2,3,329.21
8849,1120,2,2,415.34
8850,405,1,3,54.44
8851,1456,2,1,196.45
8852,400,2,2,565.78
8853,1142,1,2,21.25
8854,99,3,3,299.48
8855,137,1,1,29.39
8856,613,3,3,224.26
8857,1375,1,2,45.85
8858,1033,1,1,31.32
8859,868,4,3,1153.45
8860,142,1,2,6.06
8861,944,1,3,43.12
8862,271,1,2,5.20
8863,189,1,2,45.58
8864,1329,1,2,35.83
8865,113,1,2,13.65
8866,577,1,2,27.90
8867,555,1,1,22.85
8868,463,2,3,566.05
8869,1420,1,3,28.96
8870,703,3,2,48.31
8871,379,3,2,132.55
8872,964,3,2,238.27
8873,365,1,3,39.24
8874,775,1,2,47.01
8875,787,1,3,5.52
8876,1014,6,1,111.40
8877,66,1,1,36.35
8878,1102,1,3,52.99
8879,421,2,3,379.01
8880,612,1,1,34.28
8881,477,2,2,114.71
8882,71,1,3,26.87
8883,617,1,3,32.25
8884,406,1,1,53.24
8885,369,2,2,492.47
8886,289,3,3,98.05
8887,1087,1,3,25.59
8888,1194,3,1,114.25
8889,1347,1,2,7.15
8890,473,1,2,41.82
8891,1195,1,1,15.03
8892,75,4,3,2129.56
8893,643,3,3,99.21
8894,427,1,2,11.64
8895,447,2,2,627.66
8896,761,3,2,35.69
8897,831,1,3,5.64
8898,186,5,3,162.59
8899,815,3,1,108.98
8900,189,3,1,224.36
8901,1256,1,1,18.17
8902,799,1,3,42.84
8903,153,1,1,25.08
8904,1234,3,3,1107.70
8905,728,2,2,517.21
8906,1217,2,1,320.27
8907,1377,1,3,14.93
8908,739,1,2,24.04
8909,284,1,2,53.75
8910,766,4,3,589.42
8911,1308,1,3,31.09
8912,735,2,2,487.38
8913,762,1,3,47.01
8914,453,1,1,41.43
8915,1104,1,1,22.71
8916,354,1,3,34.92
8917,1006,1,2,35.54
8918,701,1,2,20.54
8919,553,1,2,32.96
8920,879,3,2,36.60
8921,16,2,3,551.82
8922,788,3,2,150.34
8923,471,1,2,38.72
8924,488,1,3,14.72
8925,985,6,1,55.92
8926,1437,4,1,1001.48
8927,89,1,1,54.79
8928,1443,2,3,304.53
8929,720,2,1,118.41
8930,152,1,2,25.79
8931,1089,3,1,108.17
8932,1419,1,3,31.58
8933,1197,1,2,6.63
8934,871,1,1,54.78
8935,905,1,2,39.07
8936,806,2,3,230.73
8937,283,1,1,11.57
8938,991,3,1,1125.32
8939,893,1,2,20.60
8940,614,1,2,16.47
8941,1379,2,1,345.25
8942,184,3,3,36.39
8943,163,1,1,47.19
8944,679,1,3,41.68
8945,469,1,2,36.42
8946,1336,1,1,33.56
8947,281,4,1,1046.62
8948,1236,1,2,19.08
8949,620,3,3,104.96
8950,167,1,3,23.34
8951,407,1,2,45.62
8952,362,3,1,583.81
8953,1368,1,2,17.60
8954,158,2,1,273.31
8955,489,1,1,38.52
8956,1049,1,2,12.79
8957,1365,6,3,193.95
8958,1262,1,2,35.55
8959,147,1,1,31.26
8960,87,3,2,23.80
8961,516,1,1,25.64
8962,532,2,2,201.21
8963,1325,1,2,3.12
8964,249,1,3,49.21
8965,478,1,2,41.66
8966,467,2,2,464.96
8967,1289,1,2,52.81
8968,178,2,3,348.40
8969,558,1,2,40.69
8970,1343,1,2,3.75
8971,1094,1,3,53.43
8972,646,1,2,10.39
8973,361,1,1,33.43
8974,995,3,1,257.30
8975,1088,1,3,42.04
8976,915,1,2,40.84
8977,62,3,2,130.43
8978,160,1,3,39.67
8979,1096,2,1,120.49
8980,1340,2,1,570.74
8981,721,3,1,226.25
8982,1413,1,2,26.78
8983,710,1,3,39.83
8984,693,1,3,29.32
8985,1291,1,1,9.34
8986,1059,1,3,11.48
8987,1395,1,1,47.37
8988,314,1,3,14.91
8989,1181,2,3,377.51
8990,298,3,3,276.42
8991,318,3,2,280.97
8992,863,1,2,48.31
8993,1203,1,2,11.65
8994,32,2,3,373.52
8995,796,3,2,197.09
8996,551,3,1,63.06
8997,608,1,1,42.14
8998,434,2,3,262.29
8999,924,1,3,19.82
9000,475,1,2,50.98
9001,930,5,2,215.34
9002,1333,1,2,25.69
9003,1350,6,2,76.15
9004,845,1,2,49.49
9005,476,3,3,902.00
9006,175,3,1,47.22
9007,161,3,2,51.91
9008,632,3,2,145.26
9009,58,3,2,201.60
9010,763,2,3,542.14
9011,865,1,1,3.20
9012,462,3,3,272.83
9013,243,2,3,263.10
9014,1234,1,3,31.04
9015,411,1,1,52.14
9016,639,5,1,353.01
9017,950,1,3,15.35
9018,339,3,1,201.52
9019,482,2,3,430.68
9020,773,1,2,10.67
9021,396,1,3,34.25
9022,560,2,1,418.17
9023,1060,1,3,26.17
9024,1409,1,2,3.46
9025,402,3,2,41.67
9026,740,2,1,443.72
9027,770,3,1,284.01
9028,812,3,1,846.77
9029,376,1,3,51.41
9030,982,3,2,75.59
9031,809,1,1,21.86
9032,216,1,3,4.61
9033,673,1,2,4.13
9034,1002,6,2,118.85
9035,1402,1,2,16.85
9036,1301,4,1,794.41
9037,644,3,1,76.04
9038,876,2,1,588.17
9039,1104,1,1,39.68
9040,656,3,2,170.08
9041,1276,1,3,39.52
9042,1066,3,3,55.25
9043,627,1,2,49.65
9044,1383,2,1,468.98
9045,29,1,1,25.02
9046,976,3,2,60.29
9047,1323,2,3,340.40
9048,556,1,3,4.57
9049,169,1,3,51.85
9050,268,1,1,31.03
9051,1421,1,1,44.71
9052,450,1,2,10.95
9053,737,3,1,163.98
9054,666,2,3,470.94
9055,58,3,1,111.51
9056,1366,1,1,17.08
9057,279,1,3,47.85
9058,668,1,2,25.99
9059,331,1,3,34.98
9060,77,1,2,4.27
9061,574,1,2,42.79
9062,561,2,3,545.47
9063,1121,2,2,427.89
9064,1139,1,2,40.20
9065,87,1,2,23.71
9066,161,3,1,263.39
9067,559,1,2,42.94
9068,755,1,1,43.72
9069,1459,1,3,34.19
9070,489,1,3,45.96
9071,145,1,1,24.57
9072,1291,4,2,1464.26
9073,28,1,2,20.67
9074,1205,1,3,18.85
9075,1111,2,1,254.56
9076,424,1,2,34.17
9077,878,4,2,735.78
9078,364,1,2,28.07
9079,1405,3,1,73.15
9080,425,2,3,636.24
9081,347,2,1,374.82
9082,432,2,1,263.03
9083,1396,1,3,44.96
9084,1015,3,1,83.93
9085,1132,2,2,394.71
9086,659,3,2,614.10
9087,376,3,3,235.39
9088,62,1,2,19.38
9089,391,1,2,23.05
9090,1350,1,3,5.51
9091,761,2,1,216.56
9092,837,1,1,33.32
9093,1231,1,3,25.70
9094,851,2,2,641.41
9095,738,1,2,50.21
9096,492,3,3,224.65
9097,883,1,3,48.97
9098,1138,2,3,121.00
9099,1023,3,2,82.86
9100,1249,1,1,3.32
9101,1033,1,3,40.22
9102,246,1,2,53.49
9103,82,1,3,48.92
9104,782,1,3,20.90
9105,1008,4,3,1818.97
9106,508,1,1,12.80
9107,1212,1,2,54.86
9108,797,1,1,50.86
9109,352,1,3,22.52
9110,50,2,3,299.34
9111,311,2,3,636.85
9112,1445,1,2,26.28
9113,1281,1,2,30.50
9114,1295,2,2,115.34
9115,191,2,2,207.06
9116,548,2,3,90.50
9117,364,1,3,40.32
9118,107,1,1,14.52
9119,380,1,2,47.09
9120,775,1,2,52.00
9121,477,1,1,46.05
9122,538,4,3,1850.14
9123,897,6,1,235.17
9124,553,3,3,194.57
9125,321,1,1,53.92
9126,1364,1,1,37.50
9127,124,2,1,139.98
9128,534,1,2,20.12
9129,791,3,3,120.65
9130,675,1,3,49.85
9131,1361,1,3,20.76
9132,627,1,2,21.95
9133,536,1,3,40.11
9134,285,3,1,34.42
9135,383,1,2,52.68
9136,1187,2,3,616.08
9137,1148,1,1,6.64
9138,664,1,3,52.89
9139,116,1,1,41.25
9140,841,5,2,73.80
9141,755,5,1,343.71
9142,785,2,3,369.16
9143,518,1,2,10.21
9144,962,2,2,365.93
9145,549,1,2,52.37
9146,336,3,2,1188.90
9147,685,1,1,33.64
9148,26,2,1,325.88
9149,915,2,3,584.25
9150,117,1,3,5.25
9151,1101,1,3,12.29
9152,331,3,3,310.05
9153,1279,3,3,296.56
9154,590,3,1,191.79
9155,124,1,2,13.47
9156,1387,3,2,59.31
9157,303,1,2,11.18
9158,952,2,2,521.09
9159,919,2,1,275.87
9160,991,1,1,19.57
9161,1350,1,2,52.79
9162,963,1,1,53.67
9163,33,4,2,1542.09
9164,1230,2,2,545.96
9165,176,4,2,2035.58
9166,811,3,2,221.94
9167,1145,2,2,595.96
9168,690,1,3,43.12
9169,968,2,3,545.52
9170,548,3,3,169.84
9171,550,1,1,50.89
9172,952,1,3,40.39
9173,447,3,1,153.24
9174,1295,2,2,435.83
9175,1194,3,1,129.05
9176,857,2,2,368.04
9177,906,3,2,233.44
9178,1060,1,3,32.92
9179,1300,4,3,1006.21
9180,774,3,2,270.85
9181,1022,1,1,44.67
9182,20,2,3,389.12
9183,84,4,3,1116.19
9184,1397,1,1,20.72
9185,1402,1,3,40.70
9186,1434,1,3,51.94
9187,1236,1,2,47.66
9188,964,1,3,46.64
9189,831,2,1,87.70
9190,397,1,1,36.22
9191,1137,1,3,40.88
9192,775,3,3,233.28
9193,728,1,2,29.57
9194,509,3,2,287.38
9195,499,1,3,5.16
9196,958,5,3,66.91
9197,1028,3,1,129.06
9198,89,1,1,17.11
9199,505,3,1,140.82
9200,655,4,1,1899.10
9201,1362,2,1,410.26
9202,714,2,3,274.30
9203,1141,1,3,41.65
9204,417,3,3,142.45
9205,1131,2,1,354.60
9206,415,1,1,17.73
9207,714,3,3,180.08
9208,259,1,1,53.89
9209,786,6,1,71.63
9210,809,1,1,17.64
9211,187,2,3,265.88
9212,643,1,1,9.04
9213,634,1,1,15.71
9214,15,3,1,119.36
9215,1404,1,3,10.64
9216,856,2,2,289.18
9217,436,3,2,821.49
9218,320,1,2,10.99
9219,565,1,2,22.12
9220,1343,1,1,3.56
9221,1178,1,1,13.18
9222,1267,1,1,47.88
9223,640,3,2,275.32
9224,1197,1,2,18.51
9225,1311,1,2,50.17
9226,598,3,3,1163.37
9227,722,1,1,6.11
9228,1004,3,1,285.88
9229,991,1,2,40.42
9230,797,1,1,15.27
9231,1115,1,3,14.46
9232,971,1,2,24.79
9233,1292,3,2,148.54
9234,790,1,2,48.99
9235,1109,1,1,16.01
9236,461,3,3,147.71
9237,1208,2,3,437.05
9238,600,2,3,553.44
9239,287,5,3,190.44
9240,565,2,1,286.62
9241,881,1,1,14.15
9242,817,1,2,17.63
9243,714,1,2,39.27
9244,1404,2,2,543.89
9245,442,1,1,5.44
9246,1039,4,3,1944.14
9247,1041,1,2,32.65
9248,521,2,1,365.16
9249,1245,1,1,29.58
9250,774,1,2,50.61
9251,829,4,2,716.55
9252,608,1,1,15.31
9253,367,3,1,240.07
9254,380,3,3,260.28
9255,1281,1,3,15.23
9256,247,1,1,7.66
9257,172,3,3,242.03
9258,913,2,1,593.17
9259,260,1,3,12.46
9260,708,1,1,53.37
9261,310,1,3,35.46
9262,344,1,2,46.61
9263,923,1,1,28.11
9264,484,4,2,1273.42
9265,975,1,2,42.31
9266,838,1,1,38.89
9267,384,1,1,18.87
9268,592,1,3,50.65
9269,106,3,3,72.23
9270,722,1,1,39.66
9271,1227,2,1,557.86
9272,531,1,3,32.91
9273,1456,1,3,38.70
9274,1250,3,3,96.38
9275,542,1,1,49.69
9276,818,1,1,41.80
9277,504,1,1,5.99
9278,398,4,3,1245.70
9279,418,1,2,53.29
9280,1206,4,3,1291.07
9281,1296,1,1,39.36
9282,756,6,1,165.25
9283,648,3,1,182.18
9284,1084,2,3,366.67
9285,1456,1,3,37.94
9286,835,1,3,28.75
9287,1260,4,3,1997.04
9288,98,1,2,22.56
9289,553,3,2,485.75
9290,67,1,2,8.39
9291,612,1,1,51.66
9292,1036,3,1,127.76
9293,45,3,2,170.18
9294,1333,1,1,51.03
9295,884,1,1,3.03
9296,899,3,1,184.62
9297,1005,3,2,144.80
9298,1308,2,2,444.52
9299,1307,2,1,579.09
9300,789,1,1,23.11
9301,1073,1,1,30.45
9302,1046,2,3,192.39
9303,1384,2,1,140.13
9304,198,3,1,605.78
9305,132,2,3,534.70
9306,537,1,3,45.56
9307,1055,5,2,321.71
9308,931,1,3,37.06
9309,680,3,3,181.48
9310,890,1,2,15.74
9311,1403,1,1,37.79
9312,991,1,2,23.68
9313,939,3,1,76.53
9314,678,1,3,28.74
9315,952,1,1,48.22
9316,1416,1,3,50.95
9317,288,1,1,21.25
9318,184,1,1,27.96
9319,40,5,1,311.49
9320,584,1,3,34.15
9321,539,2,2,391.95
9322,1039,3,2,31.42
9323,547,3,2,23.44
9324,879,3,1,139.00
9325,361,2,1,161.10
9326,863,1,2,5.92
9327,614,1,3,23.18
9328,1424,1,1,37.46
9329,1373,1,3,25.82
9330,15,2,1,269.34
9331,1350,2,3,485.51
9332,215,2,3,327.45
9333,416,1,1,32.04
9334,170,1,2,10.61
9335,1163,1,2,30.01
9336,1216,2,1,179.93
9337,475,2,2,299.40
9338,445,1,1,11.64
9339,184,2,2,535.80
9340,1189,3,3,368.20
9341,95,1,2,23.65
9342,107,2,2,441.91
9343,963,1,2,18.94
9344,1254,1,1,40.35
9345,77,3,1,283.78
9346,800,1,1,40.95
9347,1380,1,2,41.26
9348,419,1,3,37.89
9349,1188,1,3,54.30
9350,635,1,1,6.62
9351,1014,1,1,45.41
9352,1358,1,2,26.44
9353,1094,1,2,38.38
9354,964,1,2,31.97
9355,373,3,1,39.72
9356,90,1,3,45.03
9357,396,1,2,17.55
9358,88,2,2,436.13
9359,1261,4,3,1576.33
9360,405,2,1,465.96
9361,845,3,1,160.92
9362,575,1,1,17.97
9363,1057,1,3,10.78
9364,1245,1,2,50.60
9365,637,1,1,50.94
9366,1229,2,3,450.41
9367,198,1,3,46.03
9368,119,1,3,49.21
9369,1208,1,2,8.97
9370,225,3,2,206.17
9371,957,3,1,290.16
9372,1248,3,2,200.61
9373,16,1,3,4.92
9374,570,4,2,1337.31
9375,723,1,1,18.15
9376,1438,6,1,129.63
9377,614,1,3,41.73
9378,1390,3,1,280.45
9379,527,3,3,847.60
9380,545,1,3,47.45
9381,1413,1,3,28.14
9382,869,3,2,258.54
9383,218,4,3,1004.82
9384,918,1,1,45.83
9385,188,2,3,608.79
9386,11,3,3,48.69
9387,309,1,2,15.45
9388,163,1,2,42.66
9389,521,1,1,5.71
9390,378,2,1,584.39
9391,509,3,3,117.69
9392,492,2,3,517.34
9393,983,3,3,51.63
9394,444,1,2,17.61
9395,482,1,3,42.07
9396,7,2,1,548.33
9397,1009,3,1,138.50
9398,347,6,2,35.50
9399,361,1,1,23.39
9400,792,1,3,40.94
9401,867,3,3,219.24
9402,1322,1,1,9.34
9403,137,2,3,605.09
9404,1339,1,2,26.87
9405,1194,3,2,165.12
9406,983,1,1,33.04
9407,107,1,1,24.27
9408,315,1,3,9.52
9409,236,2,2,262.11
9410,225,1,2,35.88
9411,1308,1,2,49.57
9412,481,1,3,8.65
9413,364,3,1,446.83
9414,1145,1,2,29.70
9415,1079,3,1,140.47
9416,669,2,2,314.91
9417,378,2,2,524.91
9418,202,1,3,37.34
9419,1270,4,3,1405.10
9420,181,1,1,38.00
9421,772,2,2,333.47
9422,1112,2,2,324.45
9423,128,1,2,16.85
9424,980,1,3,15.02
9425,180,2,3,518.58
9426,850,3,1,183.17
9427,464,1,2,19.46
9428,231,1,1,16.73
9429,1235,1,3,21.49
9430,272,1,3,36.53
9431,1191,1,2,11.02
9432,204,1,1,54.25
9433,1297,1,3,29.60
9434,627,1,2,48.01
9435,799,1,2,4.11
9436,465,1,1,16.11
9437,368,1,1,9.33
9438,602,3,2,229.78
9439,1285,1,1,22.99
9440,449,1,2,15.39
9441,851,1,2,41.42
9442,772,1,2,43.81
9443,426,3,3,169.08
9444,637,2,2,361.25
9445,112,1,1,30.25
9446,814,1,1,51.17
9447,130,4,2,377.68
9448,617,1,2,40.47
9449,1258,1,2,45.17
9450,1101,1,2,51.77
9451,961,4,3,878.56
9452,50,3,1,103.24
9453,976,1,1,42.96
9454,128,1,1,44.04
9455,1282,2,1,527.89
9456,650,1,2,52.51
9457,1154,2,2,274.56
9458,804,3,2,82.04
9459,1014,2,1,420.87
9460,1404,1,2,47.99
9461,1272,1,1,20.45
9462,758,1,3,29.29
9463,1133,1,2,14.61
9464,101,1,1,18.16
9465,1389,1,3,39.43
9466,1251,1,3,29.82
9467,3,3,2,59.15
9468,891,1,3,21.96
9469,388,1,2,12.23
9470,62,1,3,16.36
9471,194,1,1,19.64
9472,706,1,1,35.56
9473,420,3,1,232.30
9474,583,2,1,403.87
9475,38,2,1,254.02
9476,328,3,2,43.80
9477,207,3,1,104.58
9478,904,1,2,27.95
9479,671,1,3,21.47
9480,646,1,2,32.64
9481,605,3,1,40.75
9482,388,3,1,52.44
9483,1064,3,3,205.39
9484,742,1,1,10.08
9485,435,2,3,335.49
9486,1368,1,1,36.44
9487,817,1,2,12.06
9488,1175,1,1,24.77
9489,659,2,1,155.82
9490,57,1,3,33.63
9491,2,2,1,291.20
9492,755,3,1,255.00
9493,381,1,1,54.66
9494,884,2,2,322.26
9495,341,1,2,51.13
9496,405,1,2,25.71
9497,701,3,1,220.99
9498,544,1,3,40.56
9499,1019,1,1,22.30
9500,904,1,1,15.81
9501,142,3,1,181.44
9502,1450,1,3,33.42
9503,1226,1,1,31.50
9504,529,2,1,555.44
9505,845,2,2,569.85
9506,1107,3,1,288.33
9507,1404,1,3,41.92
9508,506,2,1,245.38
9509,894,1,1,34.26
9510,43,3,3,75.87
9511,49,1,3,39.10
9512,26,3,2,134.85
9513,89,3,1,28.50
9514,943,1,3,46.55
9515,1203,1,2,17.52
9516,144,1,1,51.86
9517,939,3,2,114.51
9518,796,1,3,48.86
9519,1215,1,2,19.85
9520,850,1,2,49.00
9521,794,5,3,51.05
9522,668,4,1,2088.88
9523,202,2,1,423.18
9524,1197,1,3,25.40
9525,145,1,3,45.88
9526,156,1,2,17.96
9527,1419,1,3,19.24
9528,786,1,1,37.14
9529,1316,1,3,40.78
9530,522,3,3,271.45
9531,970,2,1,202.71
9532,429,1,2,12.05
9533,596,1,3,11.95
9534,754,2,1,534.99
9535,740,1,3,25.60
9536,1084,1,2,29.37
9537,1109,1,1,17.15
9538,1176,1,1,45.60
9539,551,1,3,54.90
9540,79,1,1,5.57
9541,233,1,2,8.06
9542,1302,3,2,70.16
9543,1127,3,3,67.95
9544,1231,1,1,9.88
9545,1282,3,1,241.17
9546,934,1,2,44.98
9547,496,1,3,46.35
9548,103,2,1,307.35
9549,506,1,3,25.21
9550,251,2,2,206.84
9551,792,1,2,9.43
9552,143,2,3,317.85
9553,1080,1,1,54.93
9554,619,2,1,386.98
9555,305,3,3,24.72
9556,1405,3,3,252.44
9557,1032,5,1,99.98
9558,591,2,3,640.52
9559,1444,1,3,7.18
9560,123,1,3,22.55
9561,306,1,1,33.88
9562,404,1,3,36.56
9563,722,1,1,37.08
9564,549,1,1,30.03
9565,1080,2,3,363.24
9566,79,1,1,3.77
9567,818,1,1,7.19
9568,855,1,3,5.91
9569,1288,1,3,36.13
9570,444,1,3,11.93
9571,45,1,1,13.34
9572,390,3,1,217.60
9573,504,3,2,107.94
9574,160,1,1,53.32
9575,637,3,1,108.23
9576,1270,1,2,9.09
9577,14,1,2,9.87
9578,1080,1,1,43.07
9579,966,3,2,270.63
9580,1134,1,2,4.04
9581,1253,4,1,1814.25
9582,986,2,3,478.64
9583,108,1,2,39.85
9584,1279,1,3,24.48
9585,52,2,2,200.17
9586,634,1,3,7.25
9587,1358,1,2,17.82
9588,833,1,3,7.74
9589,1210,2,2,637.59
9590,475,1,2,9.87
9591,611,1,2,51.29
9592,513,1,2,32.43
9593,4,1,2,35.15
9594,146,3,3,187.03
9595,804,1,3,21.88
9596,51,1,1,6.44
9597,472,4,1,442.65
9598,378,2,1,538.38
9599,590,1,2,34.57
9600,983,2,1,384.41
9601,1193,3,3,70.84
9602,1202,1,1,41.15
9603,617,1,2,20.54
9604,904,3,2,27.43
9605,413,3,2,258.57
9606,478,3,1,274.76
9607,310,3,2,897.31
9608,320,1,3,20.24
9609,1394,2,2,212.54
9610,1114,1,2,40.90
9611,758,1,1,10.78
9612,1171,1,2,7.46
9613,280,3,2,270.53
9614,297,1,2,45.53
9615,1057,1,2,7.91
9616,999,3,3,73.78
9617,343,1,3,42.22
9618,50,1,1,32.58
9619,121,1,2,43.36
9620,314,3,1,290.33
9621,402,3,3,158.21
9622,1144,2,3,513.72
9623,645,5,3,222.63
9624,1277,1,1,43.61
9625,1006,1,1,15.92
9626,1392,4,1,1384.17
9627,393,1,3,50.46
9628,207,1,1,46.94
9629,370,1,3,3.89
9630,584,2,1,109.42
9631,768,3,2,182.57
9632,1427,2,2,581.44
9633,1447,3,2,149.51
9634,1351,1,2,3.47
9635,70,2,1,130.16
9636,929,1,3,50.81
9637,274,1,2,43.45
9638,1169,1,1,30.77
9639,69,1,3,33.80
9640,838,2,3,226.69
9641,206,1,2,17.45
9642,673,1,3,42.89
9643,712,3,1,288.71
9644,1353,5,1,328.43
9645,777,1,1,14.94
9646,197,3,1,150.48
9647,593,3,3,258.75
9648,1140,1,1,41.11
9649,1410,1,2,10.40
9650,199,1,3,54.63
9651,1120,1,3,26.98
9652,1338,2,1,436.62
9653,121,3,2,985.21
9654,933,1,1,35.66
9655,1343,2,2,513.44
9656,713,1,2,22.21
9657,305,1,3,8.73
9658,116,5,1,143.74
9659,175,1,1,3.70
9660,634,2,1,139.08
9661,1297,4,1,1180.54
9662,288,3,2,275.13
9663,833,3,1,53.94
9664,1345,1,1,31.19
9665,257,3,2,155.04
9666,457,1,2,19.58
9667,1385,1,1,29.24
9668,1181,1,3,9.34
9669,323,1,1,23.22
9670,464,3,1,47.99
9671,203,1,1,44.46
9672,461,3,1,126.53
9673,365,1,2,10.41
9674,837,4,1,1390.49
9675,286,2,1,448.85
9676,1146,2,2,330.77
9677,798,4,1,1169.36
9678,289,1,2,32.96
9679,1197,1,1,46.80
9680,535,1,1,33.12
9681,513,6,3,142.77
9682,162,1,3,28.54
9683,123,3,2,110.83
9684,590,3,1,286.83
9685,303,1,2,49.96
9686,679,3,3,26.84
9687,1306,2,3,648.34
9688,621,1,3,45.92
9689,414,2,2,179.81
9690,1432,6,2,204.30
9691,1399,1,2,42.14
9692,425,1,3,44.01
9693,912,1,2,24.38
9694,799,3,2,248.13
9695,784,1,1,53.03
9696,461,1,2,4.73
9697,336,1,1,34.33
9698,1275,1,2,8.97
9699,1101,1,2,28.47
9700,700,1,1,28.75
9701,658,2,3,634.41
9702,717,1,1,32.68
9703,536,1,1,7.09
9704,745,1,1,47.23
9705,435,1,1,5.55
9706,529,1,3,44.20
9707,137,2,2,170.53
9708,969,1,3,31.97
9709,1372,2,2,532.56
9710,517,1,2,21.65
9711,1419,1,3,30.32
9712,1353,1,1,14.54
9713,331,3,1,201.77
9714,399,1,3,25.45
9715,9,3,1,239.62
9716,252,1,3,43.62
9717,1057,2,2,469.94
9718,392,2,2,174.66
9719,580,1,2,31.40
9720,595,1,1,24.98
9721,825,1,2,11.50
9722,910,3,1,73.86
9723,464,1,1,35.02
9724,1095,2,1,219.89
9725,1330,3,1,217.37
9726,420,2,1,245.61
9727,1428,1,1,16.46
9728,824,1,3,18.49
9729,1194,1,2,44.59
9730,1177,1,2,33.47
9731,1437,1,1,27.95
9732,686,1,3,8.55
9733,176,1,1,20.90
9734,6,3,2,170.26
9735,249,1,1,14.80
9736,858,1,3,14.13
9737,879,3,3,166.89
9738,1400,4,1,626.42
9739,793,1,2,4.08
9740,533,2,3,197.75
9741,273,3,3,604.10
9742,1334,1,3,39.60
9743,477,1,1,5.69
9744,527,6,2,31.86
9745,901,3,3,150.57
9746,931,1,1,27.07
9747,577,1,3,39.10
9748,53,3,2,114.71
9749,210,1,3,15.45
9750,1285,1,2,28.87
9751,1188,3,1,35.02
9752,473,2,2,295.52
9753,1174,3,2,232.52
9754,1456,1,3,29.71
9755,1201,1,1,6.29
9756,1366,2,1,83.37
9757,338,1,2,17.71
9758,1049,1,1,24.96
9759,1081,2,2,445.82
9760,676,3,1,202.89
9761,1090,1,3,28.59
9762,326,1,1,31.31
9763,1252,3,3,222.81
9764,224,3,1,153.95
9765,1162,1,1,54.11
9766,279,1,1,25.93
9767,537,1,3,51.44
9768,1001,1,2,31.17
9769,336,1,3,52.17
9770,10,1,3,9.82
9771,142,1,3,44.17
9772,1070,1,1,3.33
9773,679,1,1,4.42
9774,874,3,1,108.98
9775,376,3,1,298.83
9776,802,1,1,12.07
9777,741,1,1,5.21
9778,1278,3,3,38.40
9779,1043,3,3,17.85
9780,18,6,1,107.84
9781,1182,1,3,13.14
9782,1189,2,3,116.69
9783,1442,1,3,44.45
9784,8,3,3,103.60
9785,666,3,1,276.39
9786,521,6,3,136.56
9787,820,1,1,19.08
9788,1436,1,2,16.53
9789,907,2,3,547.98
9790,1387,3,2,96.92
9791,192,1,2,28.92
9792,1065,2,2,361.55
9793,689,6,2,219.06
9794,1316,1,3,32.92
9795,269,1,1,41.59
9796,476,3,1,280.34
9797,10,1,1,4.38
9798,365,1,3,39.14
9799,1385,1,3,14.68
9800,1251,1,3,9.74
9801,51,1,3,3.40
9802,1417,1,3,18.93
9803,479,4,2,1352.29
9804,1202,3,3,205.13
9805,1413,4,3,1500.55
9806,8,3,1,268.56
9807,683,1,1,13.84
9808,685,3,1,261.86
9809,676,1,1,24.71
9810,954,1,2,17.19
9811,610,5,2,348.95
9812,177,1,3,38.14
9813,850,2,3,357.97
9814,945,1,1,7.90
9815,1279,4,2,638.53
9816,68,2,1,644.21
9817,1304,1,1,30.87
9818,377,1,1,45.79
9819,977,3,1,101.84
9820,952,1,3,22.10
9821,390,1,3,4.23
9822,317,1,1,12.96
9823,325,3,1,116.54
9824,1090,3,2,255.02
9825,450,1,1,49.04
9826,1341,2,2,351.16
9827,683,1,1,39.29
9828,1306,2,3,594.56
9829,487,3,2,167.46
9830,860,1,1,9.47
9831,691,3,1,237.25
9832,16,2,2,90.35
9833,415,3,3,405.57
9834,861,1,3,44.35
9835,1099,1,1,22.81
9836,533,1,2,5.25
9837,420,3,1,61.70
9838,129,1,2,3.50
9839,1368,3,1,68.27
9840,490,1,1,7.42
9841,1444,2,1,343.84
9842,786,1,3,50.26
9843,41,1,2,26.50
9844,627,3,2,71.94
9845,5,1,2,43.28
9846,246,1,2,11.15
9847,351,1,1,44.61
9848,103,1,1,44.85
9849,622,1,3,33.77
9850,1316,1,2,30.03
9851,437,1,1,44.10
9852,279,2,1,403.60
9853,144,1,3,11.03
9854,753,1,3,9.85
9855,173,1,2,30.38
9856,884,2,2,324.09
9857,237,1,1,40.95
9858,274,3,2,67.48
9859,356,1,2,48.91
9860,1091,3,1,266.62
9861,612,1,1,9.94
9862,986,1,3,36.46
9863,487,3,2,263.32
9864,856,3,1,235.97
9865,1141,1,1,51.33
9866,563,2,3,395.78
9867,1344,1,1,43.47
9868,650,1,3,32.44
9869,207,1,3,27.27
9870,1438,1,3,35.28
9871,463,4,1,1964.98
9872,5,3,1,193.32
9873,262,1,1,17.28
9874,564,1,1,19.12
9875,563,2,1,562.13
9876,434,3,2,227.80
9877,1277,1,2,9.32
9878,38,3,2,182.63
9879,208,1,1,32.35
9880,208,1,1,47.03
9881,1087,1,3,46.42
9882,805,1,2,17.22
9883,1400,1,3,30.76
9884,710,1,2,3.17
9885,109,3,1,174.18
9886,377,2,3,563.73
9887,454,2,2,225.11
9888,1041,3,3,221.89
9889,737,1,2,33.66
9890,1388,1,1,28.87
9891,722,1,3,49.25
9892,1148,1,3,46.52
9893,578,3,2,75.64
9894,1157,1,2,23.50
9895,248,1,1,43.09
9896,1,3,3,816.04
9897,509,3,2,546.02
9898,1373,1,1,22.08
9899,1113,3,2,76.49
9900,161,2,3,546.59
9901,871,1,2,39.95
9902,325,1,2,52.67
9903,665,1,1,37.30
9904,442,1,1,42.28
9905,1221,1,2,53.13
9906,423,2,3,268.63
9907,257,3,2,88.30
9908,556,1,1,5.00
9909,325,2,3,214.74
9910,604,2,2,415.22
9911,849,2,2,322.49
9912,1042,3,1,272.40
9913,289,1,2,53.47
9914,906,3,3,123.75
9915,987,3,2,29.85
9916,965,2,3,568.73
9917,136,1,2,29.91
9918,285,1,2,10.15
9919,1429,2,3,542.18
9920,467,1,2,45.67
9921,388,3,3,106.52
9922,1060,3,1,74.75
9923,561,5,3,119.77
9924,393,1,3,10.00
9925,160,1,1,39.15
9926,80,1,2,28.82
9927,642,1,2,31.32
9928,902,1,2,26.65
9929,134,1,2,19.93
9930,1312,2,3,89.28
9931,1412,2,2,586.29
9932,907,1,3,31.10
9933,1386,2,2,518.66
9934,1107,1,1,15.23
9935,308,3,3,191.51
9936,1111,1,1,30.91
9937,1080,2,3,198.87
9938,247,1,3,21.20
9939,65,1,2,27.07
9940,1360,2,2,417.98
9941,899,1,1,38.85
9942,869,3,1,78.11
9943,269,1,1,9.39
9944,1384,1,2,9.06
9945,626,1,1,47.97
9946,1333,1,3,26.63
9947,148,3,1,75.47
9948,943,1,2,7.82
9949,250,2,2,447.73
9950,1115,2,1,351.20
9951,1095,3,3,156.56
9952,939,3,2,136.20
9953,484,2,2,100.41
9954,424,1,1,22.86
9955,356,5,2,145.42
9956,1447,4,1,1028.05
9957,1334,1,2,45.51
9958,1349,3,2,247.25
9959,353,1,1,32.86
9960,613,4,3,2034.23
9961,860,2,1,82.55
9962,1243,2,3,273.20
9963,168,3,3,225.39
9964,1238,1,3,14.94
9965,1459,1,1,47.69
9966,1424,1,3,11.65
9967,1104,3,2,103.66
9968,826,3,2,34.02
9969,941,1,1,46.06
9970,569,3,1,279.47
9971,1304,1,1,33.94
9972,672,2,3,454.11
9973,1052,1,3,22.22
9974,123,1,2,30.53
9975,1138,2,3,267.16
9976,1303,1,1,20.61
9977,1230,2,2,478.33
9978,1022,1,1,39.94
9979,1362,1,1,48.08
9980,1393,1,2,33.71
9981,250,1,3,18.69
9982,1155,1,1,48.36
9983,964,1,2,8.60
9984,1135,3,1,85.69
9985,258,1,1,50.36
9986,340,1,1,4.12
9987,125,1,2,23.67
9988,841,1,1,49.33
9989,276,1,2,33.43
9990,1142,1,2,41.43
9991,803,1,3,54.93
9992,211,3,1,41.11
9993,777,6,2,189.75
9994,300,2,2,355.08
9995,391,1,3,9.44
9996,151,1,3,33.15
9997,603,1,1,29.59
9998,1245,2,3,178.73
9999,590,2,2,100.03
10000,1264,1,2,43.47